"Date","Price","Open","High","Low","Vol.","Change %"
"11/01/2024","487.45","489.70","490.50","480.85","","-7.98%"
"10/31/2024","529.75","522.75","539.00","510.00","0.01K","4.83%"
"10/30/2024","505.35","525.00","527.00","500.00","0.16K","-1.20%"
"10/29/2024","511.50","523.00","523.00","510.95","0.32K","-3.66%"
"10/28/2024","530.95","530.50","533.65","514.80","0.22K","0.97%"
"10/25/2024","525.85","506.50","526.95","506.50","0.38K","3.73%"
"10/24/2024","506.95","500.05","509.65","500.05","0.27K","1.37%"
"10/23/2024","500.10","487.00","502.65","480.00","0.51K","2.69%"
"10/22/2024","487.00","499.85","500.00","484.20","0.83K","4.03%"
"10/21/2024","468.15","464.70","471.30","459.40","1.85K","0.38%"
"10/18/2024","466.40","480.20","481.80","463.05","1.60K","-3.00%"
"10/17/2024","480.80","486.95","487.70","476.40","1.08K","-0.78%"
"10/16/2024","484.60","475.70","490.50","475.65","1.12K","0.44%"
"10/15/2024","482.50","480.80","494.00","471.25","1.07K","0.34%"
"10/14/2024","480.85","467.00","480.85","467.00","0.76K","2.81%"
"10/11/2024","467.70","446.95","467.95","446.65","0.93K","4.41%"
"10/10/2024","447.95","466.05","466.05","447.60","0.98K","-3.99%"
"10/09/2024","466.55","466.90","470.55","463.05","0.62K","0.53%"
"10/08/2024","464.10","472.75","478.00","461.75","0.49K","-1.57%"
"10/07/2024","471.50","461.75","477.15","461.65","0.68K","2.69%"
"10/04/2024","459.15","454.95","461.35","453.55","0.26K","0.12%"
"10/03/2024","458.60","457.00","460.00","453.55","0.10K","0.46%"
"10/02/2024","456.50","457.30","459.10","450.00","0.34K","-0.94%"
"10/01/2024","460.85","456.65","468.05","456.65","0.30K","1.54%"
"09/30/2024","453.85","467.65","471.30","447.25","0.59K","-1.77%"
"09/27/2024","462.05","462.00","468.20","459.15","0.45K","-0.48%"
"09/26/2024","464.30","477.65","477.65","461.45","0.31K","-2.75%"
"09/25/2024","477.45","476.45","478.85","471.55","0.10K","0.41%"
"09/24/2024","475.50","468.50","479.25","465.00","0.17K","2.26%"
"09/23/2024","465.00","475.50","476.45","462.40","0.53K","-2.49%"
"09/20/2024","476.85","467.80","478.45","465.95","0.13K","2.42%"
"09/19/2024","465.60","479.50","479.50","465.00","0.28K","-3.50%"
"09/18/2024","482.50","477.00","483.50","474.80","0.10K","2.04%"
"09/17/2024","472.85","471.25","478.25","471.25","0.04K","0.77%"
"09/16/2024","469.25","464.20","470.10","462.00","0.04K","-0.06%"
"09/13/2024","469.55","463.25","470.00","462.80","0.04K","1.52%"
"09/12/2024","462.50","465.05","471.10","460.20","0.16K","-0.92%"
"09/11/2024","466.80","487.55","487.55","465.05","0.16K","-6.97%"
"09/10/2024","501.80","491.95","506.70","487.00","0.80K","2.59%"
"09/09/2024","489.15","486.20","493.00","483.00","0.57K","1.91%"
"09/06/2024","480.00","492.00","492.15","477.00","0.68K","-2.39%"
"09/05/2024","491.75","471.70","491.80","471.70","0.86K","4.23%"
"09/04/2024","471.80","462.00","474.25","458.50","0.47K","1.44%"
"09/03/2024","465.10","461.90","468.70","452.80","0.39K","1.04%"
"08/30/2024","460.30","463.00","468.75","453.05","0.35K","0.02%"
"08/29/2024","460.20","448.95","464.65","444.00","0.81K","3.18%"
"08/28/2024","446.00","444.60","452.75","438.00","1.08K","0.17%"
"08/27/2024","445.25","461.00","463.00","444.05","0.93K","-4.01%"
"08/26/2024","463.85","482.70","482.75","461.75","1.15K","-3.72%"
"08/23/2024","481.75","481.25","488.45","470.60","0.86K","0.17%"
"08/22/2024","480.95","458.30","480.95","458.25","1.70K","4.34%"
"08/21/2024","460.95","445.70","463.00","445.70","1.55K","4.03%"
"08/20/2024","443.10","447.45","449.85","439.50","1.25K","-0.06%"
"08/19/2024","443.35","449.00","452.00","432.05","1.31K","-1.03%"
"08/16/2024","447.95","449.80","450.55","443.15","0.99K","-0.41%"
"08/15/2024","449.80","432.90","450.65","429.50","1.10K","3.17%"
"08/14/2024","436.00","430.35","438.45","422.80","0.74K","1.89%"
"08/13/2024","427.90","420.75","432.40","420.60","0.69K","2.31%"
"08/12/2024","418.25","416.70","422.95","414.45","0.49K","0.40%"
"08/09/2024","416.60","437.10","437.50","416.00","0.62K","-4.34%"
"08/08/2024","435.50","434.05","440.00","432.95","0.59K","-0.16%"
"08/07/2024","436.20","425.55","440.75","425.55","0.50K","2.50%"
"08/06/2024","425.55","417.00","427.70","412.55","0.44K","2.74%"
"08/05/2024","414.20","413.90","423.50","411.40","0.50K","-1.31%"
"08/02/2024","419.70","415.95","421.45","413.30","0.48K","0.85%"
"08/01/2024","416.15","415.05","421.15","414.00","0.22K","-0.11%"
"07/31/2024","416.60","420.85","424.20","415.05","0.23K","-1.00%"
"07/30/2024","420.80","427.10","429.40","418.35","0.19K","-0.61%"
"07/29/2024","423.40","428.25","428.25","420.00","0.30K","-1.32%"
"07/26/2024","429.05","416.50","430.45","416.00","0.28K","3.06%"
"07/25/2024","416.30","420.00","423.15","415.00","0.49K","-0.98%"
"07/24/2024","420.40","425.50","430.65","420.00","0.41K","-1.42%"
"07/23/2024","426.45","431.10","432.05","424.50","0.12K","-1.48%"
"07/22/2024","432.85","423.55","437.80","420.55","0.16K","1.51%"
"07/19/2024","426.40","423.50","427.95","420.50","0.12K","0.07%"
"07/18/2024","426.10","423.00","430.40","420.05","0.12K","0.76%"
"07/17/2024","422.90","433.00","434.70","422.05","0.26K","-3.62%"
"07/16/2024","438.80","437.00","440.60","431.00","0.17K","-0.15%"
"07/15/2024","439.45","441.10","442.75","431.00","0.12K","0.33%"
"07/12/2024","438.00","428.20","440.65","425.00","0.28K","-0.92%"
"07/11/2024","442.05","463.00","464.85","442.05","0.88K","-4.33%"
"07/10/2024","462.05","449.00","467.25","449.00","1.31K","3.21%"
"07/09/2024","447.70","430.90","448.95","429.00","0.71K","4.37%"
"07/08/2024","428.95","431.50","433.45","426.50","0.20K","-1.02%"
"07/05/2024","433.35","426.60","435.15","424.65","0.25K","1.58%"
"07/03/2024","426.60","438.00","442.00","424.60","0.70K","-2.70%"
"07/02/2024","438.45","425.15","441.00","422.15","0.78K","4.08%"
"07/01/2024","421.25","410.80","433.20","409.40","0.82K","1.95%"
"06/28/2024","413.20","424.15","426.95","410.45","0.84K","-3.10%"
"06/27/2024","426.40","424.50","431.30","422.20","0.52K","0.65%"
"06/26/2024","423.65","433.00","433.00","421.70","0.97K","-1.73%"
"06/25/2024","431.10","418.65","432.55","418.60","0.65K","2.12%"
"06/24/2024","422.15","424.95","426.20","414.20","0.80K","-0.57%"
"06/21/2024","424.55","418.90","428.65","410.50","1.15K","1.30%"
"06/20/2024","419.10","410.80","423.05","408.90","2.12K","2.05%"
"06/18/2024","410.70","424.70","432.00","410.00","1.56K","-3.66%"
"06/17/2024","426.30","419.90","430.25","419.75","0.66K","1.39%"
"06/14/2024","420.45","408.80","421.75","407.70","0.73K","2.85%"
"06/13/2024","408.80","421.40","424.00","402.65","0.98K","-3.00%"
"06/12/2024","421.45","408.30","425.00","406.10","0.90K","3.69%"
"06/11/2024","406.45","427.05","430.95","406.05","0.92K","-4.57%"
"06/10/2024","425.90","417.70","431.40","415.00","0.51K","1.01%"
"06/07/2024","421.65","439.00","440.50","418.70","0.84K","-3.66%"
"06/06/2024","437.65","435.10","437.65","433.35","0.22K","2.34%"
"06/05/2024","427.65","431.80","440.25","424.55","0.72K","-1.25%"
"06/04/2024","433.05","445.90","457.65","432.00","0.50K","-2.58%"
"06/03/2024","444.50","430.00","445.00","426.20","0.29K","4.59%"
"05/31/2024","425.00","438.35","438.35","424.50","0.49K","-3.26%"
"05/30/2024","439.30","452.60","452.60","439.30","0.54K","-4.35%"
"05/29/2024","459.30","469.10","471.00","459.30","0.23K","-2.13%"
"05/28/2024","469.30","458.00","471.50","458.00","0.38K","2.79%"
"05/24/2024","456.55","449.85","456.75","449.75","0.34K","1.68%"
"05/23/2024","449.00","444.95","450.20","444.95","0.25K","1.01%"
"05/22/2024","444.50","439.30","451.05","439.30","0.25K","1.48%"
"05/21/2024","438.00","434.55","440.00","431.15","0.26K","1.32%"
"05/20/2024","432.30","431.30","434.50","430.00","0.17K","0.63%"
"05/17/2024","429.60","422.40","429.95","417.60","0.37K","2.14%"
"05/16/2024","420.60","416.95","421.95","416.95","0.31K","1.18%"
"05/15/2024","415.70","417.00","425.75","403.90","0.37K","-0.28%"
"05/14/2024","416.85","399.00","417.00","395.65","0.43K","4.68%"
"05/13/2024","398.20","390.00","399.70","390.00","0.41K","1.01%"
"05/10/2024","394.20","390.00","401.95","388.65","2.36K","2.92%"
"05/09/2024","383.00","374.90","383.00","374.15","0.58K","2.68%"
"05/08/2024","373.00","370.20","375.00","369.50","0.34K","0.21%"
"05/07/2024","372.20","366.20","373.50","366.20","0.52K","1.49%"
"05/06/2024","366.75","370.00","372.05","365.85","0.66K","-0.88%"
"05/03/2024","370.00","373.40","374.00","367.00","0.48K","-0.78%"
"05/02/2024","372.90","370.00","375.00","367.85","0.54K","0.78%"
"05/01/2024","370.00","364.60","372.50","360.35","0.61K","1.77%"
"04/30/2024","363.55","366.40","368.50","360.00","0.57K","-1.20%"
"04/29/2024","367.95","373.10","376.20","365.05","0.61K","-1.43%"
"04/26/2024","373.30","370.10","378.00","363.70","1.22K","1.03%"
"04/25/2024","369.50","365.75","370.95","362.15","1.18K","1.00%"
"04/24/2024","365.85","360.10","367.50","358.15","0.96K","1.29%"
"04/23/2024","361.20","369.05","371.00","359.70","1.75K","-2.30%"
"04/22/2024","369.70","363.75","370.00","362.25","1.08K","2.30%"
"04/19/2024","361.40","361.60","365.10","360.10","1.42K","-0.04%"
"04/18/2024","361.55","363.60","367.25","359.20","1.09K","-0.29%"
"04/17/2024","362.60","363.05","365.50","357.40","0.61K","-0.30%"
"04/16/2024","363.70","372.80","372.80","363.70","0.71K","-2.68%"
"04/15/2024","373.70","368.50","375.90","368.20","1.21K","1.55%"
"04/12/2024","368.00","362.25","369.00","358.80","0.57K","1.59%"
"04/11/2024","362.25","371.00","373.15","361.15","0.30K","-2.36%"
"04/10/2024","371.00","366.10","376.35","363.65","0.61K","2.06%"
"04/09/2024","363.50","352.00","363.50","352.00","0.30K","2.83%"
"04/08/2024","353.50","357.15","359.50","351.75","0.46K","-1.02%"
"04/05/2024","357.15","362.35","365.20","355.10","0.31K","-2.18%"
"04/04/2024","365.10","368.40","368.40","362.15","0.16K","-0.48%"
"04/03/2024","366.85","364.20","368.70","359.05","0.21K","0.70%"
"04/02/2024","364.30","369.45","369.85","362.60","0.23K","-1.17%"
"04/01/2024","368.60","355.05","369.35","355.00","0.23K","2.57%"
"03/28/2024","359.35","361.40","362.10","355.00","0.37K","-1.30%"
"03/27/2024","364.10","368.35","369.00","357.75","0.20K","-0.82%"
"03/26/2024","367.10","367.20","370.50","366.00","0.18K","0.52%"
"03/25/2024","365.20","362.80","368.95","361.00","0.28K","0.70%"
"03/22/2024","362.65","354.50","363.85","353.85","0.14K","2.49%"
"03/21/2024","353.85","343.40","362.90","342.85","0.37K","3.19%"
"03/20/2024","342.90","353.65","355.50","342.75","0.42K","-2.78%"
"03/19/2024","352.70","355.60","355.60","349.45","0.13K","-0.82%"
"03/18/2024","355.60","365.45","365.50","355.60","0.06K","-2.74%"
"03/15/2024","365.60","360.00","366.50","359.50","0.10K","2.42%"
"03/14/2024","356.95","361.30","362.00","356.15","0.07K","-0.93%"
"03/13/2024","360.30","353.35","361.50","353.00","0.12K","2.50%"
"03/12/2024","351.50","350.60","351.95","346.35","0.16K","0.04%"
"03/11/2024","351.35","351.85","358.45","347.75","0.09K","-2.69%"
"03/08/2024","361.05","370.50","370.50","361.05","0.42K","-2.70%"
"03/07/2024","371.05","373.65","377.50","369.10","0.31K","-0.36%"
"03/06/2024","372.40","363.60","375.80","363.50","0.64K","1.80%"
"03/05/2024","365.80","365.95","370.00","360.10","0.37K","0.43%"
"03/04/2024","364.25","357.65","368.00","350.15","0.69K","1.63%"
"03/01/2024","358.40","352.90","360.00","352.15","0.70K","0.07%"
"02/29/2024","358.15","351.15","362.70","343.00","1.29K","1.96%"
"02/28/2024","351.25","363.75","363.85","351.25","0.74K","-5.39%"
"02/27/2024","371.25","379.55","380.00","371.25","0.51K","-2.62%"
"02/26/2024","381.25","381.15","389.20","374.05","1.36K","0.54%"
"02/23/2024","379.20","368.70","381.75","361.75","1.18K","2.00%"
"02/22/2024","371.75","359.10","372.50","350.65","1.14K","2.47%"
"02/21/2024","362.80","370.30","370.80","362.80","0.96K","-2.68%"
"02/20/2024","372.80","369.90","378.65","369.80","1.26K","1.13%"
"02/16/2024","368.65","364.15","370.25","361.05","1.39K","1.67%"
"02/15/2024","362.60","354.75","365.45","353.95","0.78K","2.66%"
"02/14/2024","353.20","346.80","353.20","344.00","0.61K","2.91%"
"02/13/2024","343.20","336.55","348.70","335.35","1.31K","1.37%"
"02/12/2024","338.55","355.00","355.10","338.55","0.81K","-5.58%"
"02/09/2024","358.55","368.50","368.50","358.55","0.55K","-2.71%"
"02/08/2024","368.55","381.95","388.70","361.15","0.84K","-2.59%"
"02/07/2024","378.35","368.00","378.35","368.00","0.33K","2.71%"
"02/06/2024","368.35","361.50","369.00","361.00","0.29K","1.70%"
"02/05/2024","362.20","365.00","365.95","361.05","0.28K","-2.39%"
"02/02/2024","371.05","359.50","376.00","359.30","0.59K","3.28%"
"02/01/2024","359.25","350.05","360.00","348.25","0.31K","2.34%"
"01/31/2024","351.05","345.40","352.75","339.00","0.26K","1.53%"
"01/30/2024","345.75","335.00","346.00","329.20","0.33K","3.66%"
"01/29/2024","333.55","314.50","333.55","314.50","0.35K","6.38%"
"01/26/2024","313.55","306.20","313.55","306.15","0.24K","3.29%"
"01/25/2024","303.55","304.00","305.35","301.05","0.16K","-1.38%"
"01/24/2024","307.80","305.50","308.50","304.50","0.10K","1.20%"
"01/23/2024","304.15","305.60","311.65","304.90","0.16K","-0.72%"
"01/22/2024","306.35","307.15","316.00","302.25","0.15K","0.05%"
"01/19/2024","306.20","298.40","307.15","296.60","0.22K","3.05%"
"01/18/2024","297.15","290.35","298.45","289.85","0.31K","2.25%"
"01/17/2024","290.60","298.10","299.00","290.00","0.47K","-2.70%"
"01/16/2024","298.65","300.75","301.35","297.00","0.40K","-1.66%"
"01/12/2024","303.70","304.00","308.00","301.40","0.14K","-0.30%"
"01/11/2024","304.60","295.00","306.00","291.05","0.34K","2.65%"
"01/10/2024","296.75","303.75","303.75","295.70","0.82K","-2.11%"
"01/09/2024","303.15","312.60","313.55","298.00","1.34K","-2.27%"
"01/08/2024","310.20","319.75","319.90","310.20","0.49K","-3.12%"
"01/05/2024","320.20","326.15","326.15","318.50","0.64K","-2.14%"
"01/04/2024","327.20","340.00","340.80","327.20","0.58K","-2.97%"
"01/03/2024","337.20","325.80","339.60","315.60","1.17K","4.54%"
"01/02/2024","322.55","312.25","322.55","311.50","0.87K","3.20%"
"12/29/2023","312.55","315.30","317.10","310.50","0.82K","-0.84%"
"12/28/2023","315.20","320.40","321.00","314.15","0.72K","-1.62%"
"12/27/2023","320.40","321.35","322.55","317.60","1.08K","-0.11%"
"12/26/2023","320.75","328.40","329.90","319.20","1.09K","-1.49%"
"12/22/2023","325.60","339.80","339.80","321.90","1.99K","-4.77%"
"12/21/2023","341.90","350.40","350.40","341.90","0.95K","-2.84%"
"12/20/2023","351.90","359.45","360.00","350.55","1.16K","-2.40%"
"12/19/2023","360.55","367.20","369.70","358.40","1.07K","-1.62%"
"12/18/2023","366.50","364.45","367.15","358.60","0.88K","0.56%"
"12/15/2023","364.45","366.55","373.35","363.00","1.18K","-0.56%"
"12/14/2023","366.50","357.70","367.60","355.90","0.87K","2.49%"
"12/13/2023","357.60","360.00","362.15","355.10","1.34K","-1.24%"
"12/12/2023","362.10","373.90","376.95","355.65","0.57K","-2.73%"
"12/11/2023","372.25","366.75","372.95","362.95","0.64K","2.56%"
"12/08/2023","362.95","366.00","370.00","361.80","0.43K","-0.45%"
"12/07/2023","364.60","355.00","364.60","354.60","0.26K","2.82%"
"12/06/2023","354.60","358.85","362.85","353.70","0.75K","-1.10%"
"12/05/2023","358.55","367.10","369.00","355.60","0.65K","-3.38%"
"12/04/2023","371.10","379.65","390.00","371.10","0.34K","-2.62%"
"12/01/2023","381.10","384.85","385.00","376.55","0.22K","-1.63%"
"11/30/2023","387.40","392.00","392.00","387.35","0.16K","-2.50%"
"11/29/2023","397.35","400.65","402.25","394.80","0.14K","-0.72%"
"11/28/2023","400.25","390.10","400.95","386.80","0.22K","1.79%"
"11/27/2023","393.20","397.45","400.50","392.25","0.19K","-1.08%"
"11/24/2023","397.50","405.15","405.15","397.00","0.08K","-1.89%"
"11/22/2023","405.15","398.20","405.30","393.15","0.13K","1.91%"
"11/21/2023","397.55","408.80","408.80","392.90","0.20K","-2.66%"
"11/20/2023","408.40","400.00","408.40","400.00","0.31K","2.51%"
"11/17/2023","398.40","394.40","400.00","390.80","0.32K","1.36%"
"11/16/2023","393.05","383.20","393.20","383.20","0.18K","2.57%"
"11/15/2023","383.20","375.25","387.90","374.55","0.27K","2.23%"
"11/14/2023","374.85","365.30","375.00","365.30","0.24K","2.61%"
"11/13/2023","365.30","362.95","366.95","359.95","0.10K","1.49%"
"11/10/2023","359.95","365.00","365.00","360.00","0.05K","-2.49%"
"11/09/2023","369.15","362.75","371.85","362.55","0.68K","2.02%"
"11/08/2023","361.85","356.45","362.75","354.00","0.49K","2.58%"
"11/07/2023","352.75","363.80","369.95","349.95","0.85K","-1.81%"
"11/06/2023","359.25","351.75","359.25","345.00","0.79K","2.86%"
"11/03/2023","349.25","350.00","356.00","344.20","1.56K","-1.38%"
"11/02/2023","354.15","370.00","370.35","353.70","1.78K","-5.23%"
"11/01/2023","373.70","381.50","381.75","373.70","0.54K","-2.61%"
"10/31/2023","383.70","401.70","417.00","381.60","1.71K","-4.27%"
"10/30/2023","400.80","392.80","400.80","392.55","0.55K","2.56%"
"10/27/2023","390.80","388.10","394.10","385.50","0.50K","0.31%"
"10/26/2023","389.60","388.70","392.40","388.35","0.79K","0.85%"
"10/25/2023","386.30","386.70","392.00","384.60","0.96K","0.44%"
"10/24/2023","384.60","386.40","388.80","384.05","0.62K","0.30%"
"10/23/2023","383.45","384.85","389.45","381.35","1.16K","0.20%"
"10/20/2023","382.70","378.00","386.55","374.50","1.34K","1.26%"
"10/19/2023","377.95","370.00","378.95","370.00","1.01K","2.02%"
"10/18/2023","370.45","371.95","374.70","369.10","0.93K","-0.66%"
"10/17/2023","372.90","370.25","373.65","369.15","0.82K","1.00%"
"10/16/2023","369.20","374.00","375.10","368.65","0.76K","-0.28%"
"10/13/2023","370.25","367.90","373.20","362.00","0.48K","0.71%"
"10/12/2023","367.65","358.85","369.45","358.25","0.59K","2.28%"
"10/11/2023","359.45","358.95","365.30","358.00","0.41K","-1.02%"
"10/10/2023","363.15","358.10","365.60","358.00","0.51K","1.23%"
"10/09/2023","358.75","361.05","366.30","358.00","0.31K","-0.93%"
"10/06/2023","362.10","362.25","369.30","359.95","0.25K","0.40%"
"10/05/2023","360.65","352.35","360.65","352.35","0.19K","2.85%"
"10/04/2023","350.65","340.35","352.05","338.50","0.26K","2.51%"
"10/03/2023","342.05","334.30","343.90","334.30","0.12K","0.78%"
"10/02/2023","339.40","336.00","341.15","334.85","0.18K","1.28%"
"09/29/2023","335.10","330.05","335.65","327.20","0.15K","1.03%"
"09/28/2023","331.70","337.65","340.50","330.00","0.16K","-2.23%"
"09/27/2023","339.25","334.65","350.50","333.50","0.18K","1.13%"
"09/26/2023","335.45","327.40","335.90","327.40","0.15K","2.87%"
"09/25/2023","326.10","326.35","327.10","325.25","0.03K","-0.09%"
"09/22/2023","326.40","326.15","328.00","325.00","0.08K","0.55%"
"09/21/2023","324.60","327.75","327.75","322.85","0.04K","-0.70%"
"09/20/2023","326.90","324.50","327.25","323.20","0.09K","0.72%"
"09/19/2023","324.55","324.05","325.75","321.00","0.20K","0.57%"
"09/18/2023","322.70","320.00","328.85","320.00","0.23K","0.88%"
"09/15/2023","319.90","319.80","320.50","317.00","0.10K","0.44%"
"09/14/2023","318.50","318.00","319.35","316.50","0.15K","0.62%"
"09/13/2023","316.55","319.80","321.50","316.15","0.07K","-1.84%"
"09/12/2023","322.50","318.80","322.70","316.40","0.08K","-1.81%"
"09/11/2023","328.45","329.35","335.25","326.65","0.58K","-0.35%"
"09/08/2023","329.60","319.45","329.60","319.45","0.37K","3.13%"
"09/07/2023","319.60","322.00","324.95","316.10","0.37K","0.13%"
"09/06/2023","319.20","314.20","322.55","314.20","0.33K","1.93%"
"09/05/2023","313.15","314.80","318.05","311.00","0.41K","-0.84%"
"09/01/2023","315.80","315.35","323.00","311.00","0.48K","-0.86%"
"08/31/2023","318.55","331.50","333.00","315.15","0.69K","-3.24%"
"08/30/2023","329.20","321.50","329.20","321.10","0.46K","3.13%"
"08/29/2023","319.20","314.75","322.55","310.50","0.50K","1.29%"
"08/28/2023","315.15","320.00","324.50","308.30","0.70K","-0.60%"
"08/25/2023","317.05","308.50","318.05","308.50","0.73K","2.92%"
"08/24/2023","308.05","311.50","318.35","306.55","0.84K","-1.06%"
"08/23/2023","311.35","306.90","312.80","306.75","0.84K","0.86%"
"08/22/2023","308.70","311.35","313.00","305.15","1.19K","-0.80%"
"08/21/2023","311.20","316.85","322.95","309.60","0.82K","-1.32%"
"08/18/2023","315.35","307.65","317.25","307.65","1.08K","2.50%"
"08/17/2023","307.65","324.50","331.75","305.00","1.17K","-4.94%"
"08/16/2023","323.65","305.00","324.10","304.45","1.60K","6.43%"
"08/15/2023","304.10","292.70","304.10","292.35","0.83K","3.40%"
"08/14/2023","294.10","293.25","297.45","290.10","0.65K","0.39%"
"08/11/2023","292.95","290.10","295.85","289.00","0.41K","1.45%"
"08/10/2023","288.75","288.50","289.50","287.65","0.19K","0.28%"
"08/09/2023","287.95","283.70","293.10","283.70","0.26K","1.07%"
"08/08/2023","284.90","291.45","291.45","283.65","0.39K","-2.11%"
"08/07/2023","291.05","289.00","292.75","289.00","0.08K","1.18%"
"08/04/2023","287.65","284.50","290.00","283.75","0.14K","0.91%"
"08/03/2023","285.05","288.65","288.75","282.00","0.23K","-1.30%"
"08/02/2023","288.80","298.20","298.20","288.80","0.23K","-3.35%"
"08/01/2023","298.80","298.65","300.00","295.00","0.20K","-0.25%"
"07/31/2023","299.55","303.75","305.00","297.10","0.22K","-1.06%"
"07/28/2023","302.75","296.80","302.95","296.80","0.11K","0.07%"
"07/27/2023","302.55","299.00","303.50","299.00","0.11K","0.73%"
"07/26/2023","300.35","292.40","301.45","292.10","0.17K","2.97%"
"07/25/2023","291.70","287.45","294.25","287.45","0.17K","0.62%"
"07/24/2023","289.90","284.00","294.05","284.00","0.26K","2.02%"
"07/21/2023","284.15","277.00","287.00","277.00","0.25K","2.58%"
"07/20/2023","277.00","275.00","278.00","272.05","0.30K","0.91%"
"07/19/2023","274.50","270.00","277.40","269.75","0.24K","1.18%"
"07/18/2023","271.30","265.95","271.50","265.95","0.38K","2.59%"
"07/17/2023","264.45","264.00","264.15","263.40","0.05K","0.44%"
"07/14/2023","263.30","261.95","264.00","261.95","0.06K","0.42%"
"07/13/2023","262.20","263.40","263.40","258.10","0.04K","-0.10%"
"07/12/2023","262.45","263.00","264.00","260.85","0.12K","-1.83%"
"07/11/2023","267.35","272.95","274.50","266.00","0.49K","-1.85%"
"07/10/2023","272.40","272.45","274.40","268.70","0.64K","0.37%"
"07/07/2023","271.40","267.10","273.75","264.90","1.07K","2.90%"
"07/06/2023","263.75","263.40","270.00","252.90","1.45K","0.86%"
"07/05/2023","261.50","252.30","262.50","252.30","1.61K","3.56%"
"07/03/2023","252.50","253.50","253.50","250.00","1.22K","-0.88%"
"06/30/2023","254.75","259.90","260.15","254.00","0.36K","-1.98%"
"06/29/2023","259.90","256.05","260.75","255.40","0.39K","1.78%"
"06/28/2023","255.35","261.30","262.00","253.60","0.66K","-1.98%"
"06/27/2023","260.50","259.20","262.15","258.40","0.60K","0.48%"
"06/26/2023","259.25","258.80","266.00","256.90","0.96K","0.47%"
"06/23/2023","258.05","259.15","260.75","255.50","0.59K","-0.67%"
"06/22/2023","259.80","253.00","260.25","252.60","1.42K","2.16%"
"06/21/2023","254.30","264.50","264.50","254.30","0.78K","-3.78%"
"06/20/2023","264.30","262.20","265.30","261.10","0.97K","0.86%"
"06/16/2023","262.05","263.00","263.50","256.30","0.92K","-0.13%"
"06/15/2023","262.40","253.10","262.40","253.10","0.65K","3.96%"
"06/14/2023","252.40","248.25","252.90","248.20","0.58K","1.51%"
"06/13/2023","248.65","250.50","250.50","248.00","0.53K","-1.51%"
"06/12/2023","252.45","252.85","253.95","251.25","0.27K","0.72%"
"06/09/2023","250.65","253.50","256.30","250.55","0.27K","-0.12%"
"06/08/2023","250.95","249.65","252.90","247.70","0.17K","0.34%"
"06/07/2023","250.10","255.30","257.00","249.70","0.24K","-3.36%"
"06/06/2023","258.80","265.85","267.50","256.70","0.35K","-2.89%"
"06/05/2023","266.50","266.50","267.65","262.30","0.46K","-0.71%"
"06/02/2023","268.40","268.00","269.55","264.05","0.18K","-0.30%"
"06/01/2023","269.20","263.75","269.50","262.05","0.11K","0.24%"
"05/31/2023","268.55","266.95","270.00","266.95","0.19K","0.84%"
"05/30/2023","266.30","275.05","275.05","265.15","0.11K","-3.22%"
"05/26/2023","275.15","273.50","275.25","272.30","0.09K","0.84%"
"05/25/2023","272.85","276.30","276.60","272.00","0.23K","-1.25%"
"05/24/2023","276.30","272.20","277.00","267.20","0.57K","1.30%"
"05/23/2023","272.75","263.05","275.30","263.05","0.42K","4.10%"
"05/22/2023","262.00","251.50","262.00","250.00","0.11K","3.97%"
"05/19/2023","252.00","247.85","253.00","247.85","0.03K","1.67%"
"05/18/2023","247.85","247.60","248.25","246.80","0.01K","0.53%"
"05/17/2023","246.55","248.05","248.05","245.00","0.02K","-1.36%"
"05/16/2023","249.95","248.95","252.05","241.25","0.06K","2.31%"
"05/15/2023","244.30","236.60","245.60","236.60","0.04K","2.73%"
"05/12/2023","237.80","241.85","243.50","235.20","0.13K","-2.38%"
"05/11/2023","243.60","244.00","245.60","242.10","0.05K","-1.64%"
"05/10/2023","247.65","248.05","255.70","245.00","0.71K","0.08%"
"05/09/2023","247.45","259.90","259.95","246.35","1.65K","-4.81%"
"05/08/2023","259.95","272.25","273.10","259.95","0.65K","-3.70%"
"05/05/2023","269.95","267.15","272.00","265.75","0.28K","1.20%"
"05/04/2023","266.75","265.65","269.40","263.90","0.36K","0.72%"
"05/03/2023","264.85","263.85","266.80","262.35","0.29K","-0.45%"
"05/02/2023","266.05","265.70","266.95","260.70","0.45K","0.13%"
"05/01/2023","265.70","268.95","272.20","265.05","0.38K","-1.06%"
"04/28/2023","268.55","269.95","273.20","266.20","0.32K","0.84%"
"04/27/2023","266.30","268.50","272.00","259.85","0.96K","-1.32%"
"04/26/2023","269.85","278.85","278.85","269.85","1.13K","-3.57%"
"04/25/2023","279.85","276.20","280.75","275.25","0.70K","1.93%"
"04/24/2023","274.55","271.45","276.95","271.45","0.67K","1.14%"
"04/21/2023","271.45","269.95","278.00","269.70","0.75K","0.65%"
"04/20/2023","269.70","267.00","271.90","265.45","1.16K","1.68%"
"04/19/2023","265.25","266.50","270.00","264.65","0.81K","-0.64%"
"04/18/2023","266.95","267.00","275.40","264.00","0.84K","0.19%"
"04/17/2023","266.45","267.90","269.40","261.05","0.80K","0.09%"
"04/14/2023","266.20","266.85","271.00","263.00","1.56K","-0.84%"
"04/13/2023","268.45","265.95","271.00","263.30","0.70K","1.53%"
"04/12/2023","264.40","265.25","266.20","260.85","0.72K","-1.62%"
"04/11/2023","268.75","264.05","272.55","262.25","0.81K","2.36%"
"04/10/2023","262.55","262.10","265.00","260.50","0.25K","0.32%"
"04/06/2023","261.70","269.30","270.10","259.50","0.33K","-2.73%"
"04/05/2023","269.05","263.50","270.00","263.05","0.49K","2.01%"
"04/04/2023","263.75","262.10","267.00","261.20","0.37K","1.42%"
"04/03/2023","260.05","255.50","261.30","254.00","0.18K","0.87%"
"03/31/2023","257.80","253.20","258.95","251.35","0.16K","1.92%"
"03/30/2023","252.95","254.95","256.05","247.00","0.22K","0.34%"
"03/29/2023","252.10","245.00","252.10","244.40","0.21K","4.13%"
"03/28/2023","242.10","239.50","245.00","239.40","0.04K","-0.16%"
"03/27/2023","242.50","245.80","248.20","238.45","0.05K","-0.78%"
"03/24/2023","244.40","236.50","245.10","236.50","0.13K","3.96%"
"03/23/2023","235.10","231.30","235.75","231.00","0.04K","1.62%"
"03/22/2023","231.35","232.75","234.65","230.35","0.10K","0.06%"
"03/21/2023","231.20","230.50","231.95","228.60","0.05K","0.28%"
"03/20/2023","230.55","232.75","232.90","228.70","0.06K","-1.91%"
"03/17/2023","235.05","235.95","235.95","229.30","0.05K","1.60%"
"03/16/2023","231.35","234.05","234.05","229.80","0.03K","-0.02%"
"03/15/2023","231.40","234.00","236.35","230.60","0.03K","-2.07%"
"03/14/2023","236.30","230.00","237.20","230.00","0.05K","0.60%"
"03/13/2023","234.90","242.45","243.90","234.15","0.59K","-2.45%"
"03/10/2023","240.80","237.95","242.40","237.00","0.46K","0.82%"
"03/09/2023","238.85","229.85","239.35","229.85","0.46K","3.29%"
"03/08/2023","231.25","240.85","240.85","229.80","0.80K","-3.57%"
"03/07/2023","239.80","235.65","246.20","235.65","0.58K","1.25%"
"03/06/2023","236.85","227.10","236.85","226.65","0.57K","4.41%"
"03/03/2023","226.85","230.15","231.40","226.50","0.83K","-1.00%"
"03/02/2023","229.15","238.30","240.30","228.00","1.22K","-5.93%"
"03/01/2023","243.60","254.00","255.30","243.60","0.56K","-3.94%"
"02/28/2023","253.60","250.00","256.95","250.00","0.52K","1.60%"
"02/27/2023","249.60","248.00","254.90","248.00","0.91K","0.48%"
"02/24/2023","248.40","238.80","248.40","238.00","0.86K","4.19%"
"02/23/2023","238.40","235.00","241.40","233.80","0.86K","1.49%"
"02/22/2023","234.90","230.30","235.30","228.90","0.84K","2.29%"
"02/21/2023","229.65","232.00","233.50","226.40","1.01K","-1.67%"
"02/17/2023","233.55","227.65","233.85","227.65","1.00K","2.46%"
"02/16/2023","227.95","225.60","228.15","224.40","0.96K","1.04%"
"02/15/2023","225.60","228.95","228.95","223.60","0.80K","-1.48%"
"02/14/2023","229.00","225.10","231.10","222.90","1.01K","1.39%"
"02/13/2023","225.85","232.85","234.00","225.35","1.23K","-4.12%"
"02/10/2023","235.55","242.55","242.55","235.55","1.74K","-4.07%"
"02/09/2023","245.55","239.00","248.90","238.70","1.18K","2.78%"
"02/08/2023","238.90","235.00","242.00","234.00","0.72K","2.58%"
"02/07/2023","232.90","229.85","235.00","229.55","0.73K","1.59%"
"02/06/2023","229.25","226.25","229.95","224.00","0.53K","1.01%"
"02/03/2023","226.95","225.45","227.95","218.00","0.98K","1.61%"
"02/02/2023","223.35","220.00","225.50","220.00","0.73K","1.92%"
"02/01/2023","219.15","213.80","220.00","213.55","0.97K","3.15%"
"01/31/2023","212.45","204.10","213.95","203.50","0.48K","4.12%"
"01/30/2023","204.05","200.80","205.80","200.50","0.13K","1.75%"
"01/27/2023","200.55","200.45","201.10","200.25","0.12K","0.07%"
"01/26/2023","200.40","199.05","200.80","198.80","0.20K","0.58%"
"01/25/2023","199.25","199.85","200.00","198.50","0.20K","0.00%"
"01/24/2023","199.25","200.35","200.35","198.95","0.41K","-0.38%"
"01/23/2023","200.00","200.55","202.10","199.65","0.29K","0.35%"
"01/20/2023","199.30","199.35","199.50","198.95","0.17K","-0.37%"
"01/19/2023","200.05","201.90","203.65","199.55","0.30K","-0.74%"
"01/18/2023","201.55","201.45","204.05","201.45","0.31K","-0.22%"
"01/17/2023","202.00","202.05","202.90","200.80","0.23K","-0.49%"
"01/13/2023","203.00","202.75","209.00","202.70","0.13K","-0.12%"
"01/12/2023","203.25","203.85","203.95","202.45","0.11K","-0.10%"
"01/11/2023","203.45","203.35","203.90","202.25","0.15K","-1.79%"
"01/10/2023","207.15","207.40","207.75","206.05","0.38K","-0.12%"
"01/09/2023","207.40","206.50","208.75","205.60","0.53K","0.46%"
"01/06/2023","206.45","206.30","207.75","205.00","0.34K","0.27%"
"01/05/2023","205.90","204.25","206.35","204.15","0.67K","1.23%"
"01/04/2023","203.40","203.05","204.35","201.20","0.37K","0.62%"
"01/03/2023","202.15","204.30","204.40","199.40","0.59K","-1.00%"
"12/30/2022","204.20","203.55","205.20","202.70","0.35K","0.52%"
"12/29/2022","203.15","202.15","204.45","200.95","0.47K","0.47%"
"12/28/2022","202.20","203.35","205.00","197.15","0.89K","-0.54%"
"12/27/2022","203.30","203.15","205.25","202.05","0.36K","-0.44%"
"12/23/2022","204.20","207.75","208.40","203.15","0.59K","-0.90%"
"12/22/2022","206.05","207.60","208.75","205.65","0.47K","-1.18%"
"12/21/2022","208.50","204.85","209.50","202.75","0.99K","2.41%"
"12/20/2022","203.60","203.25","204.85","201.75","0.62K","0.15%"
"12/19/2022","203.30","205.00","205.35","202.50","1.27K","-0.42%"
"12/16/2022","204.15","199.20","207.05","198.80","1.12K","2.51%"
"12/15/2022","199.15","201.70","201.70","193.75","0.90K","-0.95%"
"12/14/2022","201.05","199.90","202.20","198.95","1.06K","1.28%"
"12/13/2022","198.50","198.55","199.95","197.85","0.76K","0.43%"
"12/12/2022","197.65","201.05","201.05","197.30","0.91K","-1.72%"
"12/09/2022","201.10","203.95","208.20","201.05","0.63K","-1.40%"
"12/08/2022","203.95","208.20","213.85","202.15","0.77K","-2.30%"
"12/07/2022","208.75","202.80","210.00","202.00","0.97K","3.09%"
"12/06/2022","202.50","201.25","203.00","199.55","0.40K","1.33%"
"12/05/2022","199.85","197.80","200.40","197.05","0.42K","1.27%"
"12/02/2022","197.35","191.85","198.05","191.85","0.21K","2.76%"
"12/01/2022","192.05","194.90","196.30","191.75","0.40K","-1.79%"
"11/30/2022","195.55","197.95","198.90","194.25","0.16K","-1.61%"
"11/29/2022","198.75","201.05","201.05","197.65","0.13K","-1.09%"
"11/28/2022","200.95","203.30","203.30","198.75","0.07K","-1.98%"
"11/25/2022","205.00","201.95","205.50","201.30","0.08K","1.84%"
"11/23/2022","201.30","202.50","202.50","198.15","0.10K","-0.42%"
"11/22/2022","202.15","199.40","202.50","199.40","0.06K","0.77%"
"11/21/2022","200.60","196.50","201.20","196.50","0.11K","2.01%"
"11/18/2022","196.65","195.25","198.35","194.55","0.09K","0.05%"
"11/17/2022","196.55","196.45","197.15","194.30","0.04K","-0.76%"
"11/16/2022","198.05","194.80","199.45","194.80","0.09K","2.22%"
"11/15/2022","193.75","191.05","199.80","190.75","0.39K","1.57%"
"11/14/2022","190.75","198.50","198.50","190.60","0.18K","-3.90%"
"11/11/2022","198.50","199.50","200.15","196.70","0.09K","-2.24%"
"11/10/2022","203.05","204.60","205.25","201.95","0.19K","-5.23%"
"11/09/2022","214.25","211.20","214.90","210.30","0.45K","1.44%"
"11/08/2022","211.20","214.20","217.40","207.10","0.99K","-2.18%"
"11/07/2022","215.90","212.85","219.00","212.05","0.50K","1.41%"
"11/04/2022","212.90","210.15","215.75","210.00","0.44K","2.60%"
"11/03/2022","207.50","206.85","214.00","205.70","0.40K","1.02%"
"11/02/2022","205.40","204.95","207.30","202.65","0.34K","0.59%"
"11/01/2022","204.20","201.80","205.95","201.15","0.40K","1.54%"
"10/31/2022","201.10","200.10","204.40","199.60","0.40K","0.42%"
"10/28/2022","200.25","198.65","202.30","198.05","0.80K","0.81%"
"10/27/2022","198.65","204.00","206.60","196.70","0.89K","-2.60%"
"10/26/2022","203.95","202.30","210.35","201.10","0.89K","0.77%"
"10/25/2022","202.40","202.10","203.25","198.60","0.80K","-0.20%"
"10/24/2022","202.80","197.95","203.95","197.95","0.71K","2.94%"
"10/21/2022","197.00","198.55","199.50","196.00","0.89K","-0.78%"
"10/20/2022","198.55","197.55","201.90","197.50","1.04K","0.56%"
"10/19/2022","197.45","200.35","204.25","195.15","1.27K","-1.45%"
"10/18/2022","200.35","193.85","202.05","192.40","1.51K","4.32%"
"10/17/2022","192.05","190.65","194.65","190.30","0.62K","1.40%"
"10/14/2022","189.40","187.00","190.70","187.00","0.99K","1.07%"
"10/13/2022","187.40","191.70","192.20","187.00","0.56K","-2.24%"
"10/12/2022","191.70","184.95","193.80","184.50","0.85K","3.65%"
"10/11/2022","184.95","181.00","185.80","180.75","0.62K","2.10%"
"10/10/2022","181.15","188.05","188.30","180.45","0.50K","-3.64%"
"10/07/2022","188.00","183.35","188.35","181.55","0.40K","2.45%"
"10/06/2022","183.50","185.50","186.15","182.30","0.36K","-1.29%"
"10/05/2022","185.90","191.45","192.20","184.45","0.56K","-3.35%"
"10/04/2022","192.35","193.50","195.00","189.15","0.36K","0.26%"
"10/03/2022","191.85","185.45","192.90","185.45","0.38K","4.35%"
"09/30/2022","183.85","182.45","186.75","180.95","0.21K","1.16%"
"09/29/2022","181.75","181.40","183.10","179.00","0.25K","0.61%"
"09/28/2022","180.65","179.55","184.25","177.10","0.23K","3.17%"
"09/27/2022","175.10","172.50","176.75","172.50","0.14K","1.45%"
"09/26/2022","172.60","177.20","177.20","170.55","0.08K","-2.84%"
"09/23/2022","177.65","176.00","177.75","175.90","0.49K","1.17%"
"09/22/2022","175.60","174.55","176.50","174.55","0.33K","0.26%"
"09/21/2022","175.15","176.25","176.40","174.75","0.07K","-0.54%"
"09/20/2022","176.10","174.05","176.00","173.75","0.16K","2.03%"
"09/19/2022","172.60","169.85","173.50","169.25","0.15K","3.35%"
"09/16/2022","167.00","165.10","167.50","165.00","0.06K","1.21%"
"09/15/2022","165.00","165.05","166.60","163.85","0.07K","0.43%"
"09/14/2022","164.30","165.40","165.50","163.95","0.14K","-0.67%"
"09/13/2022","165.40","167.10","167.10","164.45","0.07K","-3.30%"
"09/12/2022","171.05","170.50","172.65","170.50","0.24K","0.50%"
"09/09/2022","170.20","167.55","171.65","167.55","0.28K","1.58%"
"09/08/2022","167.55","166.40","173.70","164.85","0.65K","0.99%"
"09/07/2022","165.90","168.80","169.10","164.35","0.78K","-1.54%"
"09/06/2022","168.50","174.40","174.75","167.75","1.05K","-2.88%"
"09/02/2022","173.50","181.20","182.15","171.75","0.93K","-4.22%"
"09/01/2022","181.15","185.00","189.45","179.85","1.29K","-2.27%"
"08/31/2022","185.35","176.25","185.75","175.80","1.37K","5.46%"
"08/30/2022","175.75","168.35","176.25","167.20","1.07K","4.27%"
"08/29/2022","168.55","163.35","169.10","162.00","0.90K","2.96%"
"08/26/2022","163.70","163.25","166.10","162.50","0.76K","0.37%"
"08/25/2022","163.10","165.10","167.65","162.60","1.21K","-1.48%"
"08/24/2022","165.55","167.40","167.75","164.50","0.71K","-1.16%"
"08/23/2022","167.50","166.00","169.25","164.75","0.87K","1.21%"
"08/22/2022","165.50","166.20","167.50","165.00","0.87K","-0.42%"
"08/19/2022","166.20","165.10","169.55","165.10","0.94K","0.61%"
"08/18/2022","165.20","167.50","167.50","164.60","0.52K","-1.49%"
"08/17/2022","167.70","172.35","172.90","167.55","1.11K","-2.75%"
"08/16/2022","172.45","172.45","173.20","171.00","0.86K","0.09%"
"08/15/2022","172.30","174.55","174.55","171.35","0.41K","-2.38%"
"08/12/2022","176.50","176.30","177.80","175.20","0.23K","-0.14%"
"08/11/2022","176.75","176.40","177.00","175.20","0.30K","0.71%"
"08/10/2022","175.50","173.50","177.40","173.50","0.26K","1.36%"
"08/09/2022","173.15","171.70","174.00","169.60","0.19K","0.38%"
"08/08/2022","172.50","176.15","177.85","171.70","0.67K","-2.62%"
"08/05/2022","177.15","175.00","177.00","173.40","0.21K","1.20%"
"08/04/2022","175.05","171.80","175.80","171.00","0.38K","2.22%"
"08/03/2022","171.25","167.50","171.70","167.50","0.42K","2.03%"
"08/02/2022","167.85","166.50","168.00","166.00","0.24K","0.72%"
"08/01/2022","166.65","166.10","166.95","163.65","0.22K","-0.06%"
"07/29/2022","166.75","166.50","169.40","164.00","0.22K","0.15%"
"07/28/2022","166.50","162.60","166.45","161.15","0.16K","1.96%"
"07/27/2022","163.30","157.00","163.80","156.70","0.25K","5.08%"
"07/26/2022","155.40","150.60","158.45","150.60","0.10K","3.46%"
"07/25/2022","150.20","150.75","151.35","150.00","0.07K","-0.66%"
"07/22/2022","151.20","151.30","154.55","150.75","0.10K","-0.07%"
"07/21/2022","151.30","151.45","151.45","151.20","0.02K","-0.79%"
"07/20/2022","152.50","153.35","153.60","151.10","0.02K","-1.83%"
"07/19/2022","155.35","152.05","156.45","150.65","0.06K","3.12%"
"07/18/2022","150.65","149.60","153.35","149.60","0.12K","0.74%"
"07/15/2022","149.55","151.40","151.40","149.30","0.10K","-0.83%"
"07/14/2022","150.80","151.05","152.65","150.80","0.18K","-0.17%"
"07/13/2022","151.05","155.30","155.30","150.70","0.17K","-2.74%"
"07/12/2022","155.30","160.10","160.60","155.00","0.39K","-5.22%"
"07/11/2022","163.85","162.15","168.00","160.90","0.59K","0.18%"
"07/08/2022","163.55","162.30","165.30","161.65","0.37K","0.77%"
"07/07/2022","162.30","163.00","163.40","161.50","0.40K","-0.25%"
"07/06/2022","162.70","163.55","165.75","162.50","0.39K","-0.15%"
"07/05/2022","162.95","167.00","167.75","162.70","0.60K","-3.58%"
"07/01/2022","169.00","173.75","174.00","167.25","0.56K","-2.34%"
"06/30/2022","173.05","170.60","174.85","168.75","0.51K","0.90%"
"06/29/2022","171.50","172.45","172.45","169.50","0.45K","-0.09%"
"06/28/2022","171.65","166.55","173.40","166.55","0.91K","3.75%"
"06/27/2022","165.45","161.80","166.65","161.80","0.74K","2.60%"
"06/24/2022","161.25","164.50","165.30","160.75","1.03K","-2.21%"
"06/23/2022","164.90","167.80","170.15","164.75","1.39K","-1.73%"
"06/22/2022","167.80","170.45","172.65","167.30","1.46K","-1.35%"
"06/21/2022","170.10","172.75","172.90","170.00","0.98K","-1.10%"
"06/17/2022","172.00","172.50","173.95","171.25","1.30K","-0.29%"
"06/16/2022","172.50","173.00","174.65","172.15","0.87K","-1.32%"
"06/15/2022","174.80","175.20","178.90","174.50","0.82K","-0.09%"
"06/14/2022","174.95","176.15","177.35","174.85","0.52K","-0.96%"
"06/13/2022","176.65","178.95","178.95","176.15","1.17K","-1.81%"
"06/10/2022","179.90","180.40","182.00","179.15","0.51K","0.22%"
"06/09/2022","179.50","183.75","187.00","178.50","0.57K","-2.84%"
"06/08/2022","184.75","178.40","186.80","177.50","1.03K","4.20%"
"06/07/2022","177.30","175.35","179.90","174.70","0.42K","0.25%"
"06/06/2022","176.85","176.00","177.25","174.00","0.46K","0.51%"
"06/03/2022","175.95","175.30","176.00","174.90","0.64K","0.40%"
"06/02/2022","175.25","175.10","175.50","173.60","0.37K","-0.11%"
"06/01/2022","175.45","172.20","175.50","171.50","0.55K","1.89%"
"05/31/2022","172.20","175.00","175.00","171.25","0.28K","-1.35%"
"05/27/2022","174.55","174.45","174.50","171.80","0.21K","0.17%"
"05/26/2022","174.25","167.15","175.40","167.00","0.42K","3.84%"
"05/25/2022","167.80","167.50","169.75","165.80","0.05K","-1.21%"
"05/24/2022","169.85","170.00","170.00","169.45","0.13K","0.18%"
"05/23/2022","169.55","169.00","170.50","168.95","0.20K","0.95%"
"05/20/2022","167.95","163.95","168.55","163.95","0.06K","2.38%"
"05/19/2022","164.05","166.05","166.05","163.60","0.05K","-0.03%"
"05/18/2022","164.10","169.00","169.65","162.65","0.04K","-2.50%"
"05/17/2022","168.30","169.55","171.20","167.00","0.10K","-0.74%"
"05/16/2022","169.55","168.00","170.00","166.50","0.38K","3.83%"
"05/13/2022","163.30","161.80","168.00","159.10","0.28K","1.24%"
"05/12/2022","161.30","165.35","165.35","158.00","0.46K","-2.30%"
"05/11/2022","165.10","167.00","167.20","163.00","0.26K","-4.35%"
"05/10/2022","172.60","171.75","174.45","170.70","0.37K","0.49%"
"05/09/2022","171.75","176.00","176.30","171.30","0.56K","-2.50%"
"05/06/2022","176.15","173.60","179.65","173.60","0.54K","1.64%"
"05/05/2022","173.30","174.90","177.35","170.45","0.55K","-1.28%"
"05/04/2022","175.55","179.65","180.50","175.00","0.50K","-3.09%"
"05/03/2022","181.15","176.80","181.50","175.70","0.45K","3.07%"
"05/02/2022","175.75","180.20","187.15","173.50","0.64K","-2.58%"
"04/29/2022","180.40","173.20","181.55","172.50","0.61K","4.10%"
"04/28/2022","173.30","171.65","177.65","171.65","0.59K","0.64%"
"04/27/2022","172.20","171.00","174.65","169.00","0.90K","1.15%"
"04/26/2022","170.25","172.05","174.15","168.55","0.59K","-1.53%"
"04/25/2022","172.90","173.00","174.35","167.05","0.76K","-1.76%"
"04/22/2022","176.00","166.85","176.00","165.95","0.92K","4.36%"
"04/21/2022","168.65","165.50","169.40","164.45","0.81K","1.96%"
"04/20/2022","165.40","167.00","170.70","162.60","1.55K","-1.58%"
"04/19/2022","168.05","187.30","189.65","166.20","1.63K","-9.75%"
"04/18/2022","186.20","176.50","186.20","175.15","0.93K","5.68%"
"04/14/2022","176.20","178.95","181.75","174.00","0.73K","-1.54%"
"04/13/2022","178.95","168.80","179.00","168.45","0.88K","5.89%"
"04/12/2022","169.00","171.05","171.65","167.70","0.56K","-1.52%"
"04/11/2022","171.60","167.75","171.95","167.55","0.67K","4.38%"
"04/08/2022","164.40","162.00","169.50","161.85","1.24K","1.83%"
"04/07/2022","161.45","158.00","162.00","157.70","0.65K","1.76%"
"04/06/2022","158.65","159.15","159.75","155.45","0.65K","-0.53%"
"04/05/2022","159.50","159.15","161.50","158.20","0.55K","0.38%"
"04/04/2022","158.90","156.45","162.95","156.30","0.78K","1.44%"
"04/01/2022","156.65","150.00","157.15","148.25","0.79K","4.43%"
"03/31/2022","150.00","147.95","150.35","147.95","0.19K","1.80%"
"03/30/2022","147.35","145.20","147.80","144.70","0.26K","1.55%"
"03/29/2022","145.10","146.50","146.75","145.00","0.28K","-1.16%"
"03/28/2022","146.80","147.40","147.80","146.00","0.05K","-1.54%"
"03/25/2022","149.10","148.50","150.00","147.25","0.15K","0.34%"
"03/24/2022","148.60","147.00","148.80","145.00","0.12K","1.85%"
"03/23/2022","145.90","144.40","147.30","144.40","0.05K","1.11%"
"03/22/2022","144.30","146.50","147.00","143.80","0.11K","-2.24%"
"03/21/2022","147.60","147.65","148.25","146.50","0.03K","0.10%"
"03/18/2022","147.45","146.00","147.65","145.90","0.07K","1.34%"
"03/17/2022","145.50","145.15","146.15","142.50","0.04K","0.55%"
"03/16/2022","144.70","141.55","144.75","141.55","0.03K","0.80%"
"03/15/2022","143.55","143.50","143.80","139.00","0.08K","1.09%"
"03/14/2022","142.00","141.50","142.50","139.80","0.05K","2.38%"
"03/11/2022","138.70","138.00","140.55","137.50","0.38K","0.29%"
"03/10/2022","138.30","137.50","140.85","137.50","0.35K","0.25%"
"03/09/2022","137.95","140.30","140.90","137.40","0.61K","-2.27%"
"03/08/2022","141.15","137.35","141.95","135.45","1.66K","2.36%"
"03/07/2022","137.90","147.50","147.50","137.90","0.66K","-6.76%"
"03/04/2022","147.90","148.25","149.10","143.50","0.56K","-0.77%"
"03/03/2022","149.05","148.10","150.80","146.00","1.08K","0.64%"
"03/02/2022","148.10","142.40","149.20","141.90","1.90K","4.11%"
"03/01/2022","142.25","142.65","143.65","137.00","0.90K","0.21%"
"02/28/2022","141.95","136.30","143.35","135.25","1.22K","4.45%"
"02/25/2022","135.90","137.00","138.35","135.20","1.02K","-0.62%"
"02/24/2022","136.75","136.95","142.00","135.70","1.80K","-0.15%"
"02/23/2022","136.95","138.60","138.60","135.15","0.87K","-0.44%"
"02/22/2022","137.55","137.30","139.55","136.40","1.38K","1.03%"
"02/18/2022","136.15","135.65","137.25","134.95","0.73K","1.15%"
"02/17/2022","134.60","134.40","137.45","133.90","0.84K","0.30%"
"02/16/2022","134.20","136.05","137.95","134.15","1.27K","-0.81%"
"02/15/2022","135.30","136.15","138.05","134.75","0.97K","0.00%"
"02/14/2022","135.30","137.90","139.30","134.75","1.06K","-1.56%"
"02/11/2022","137.45","139.75","143.75","136.00","0.73K","-1.93%"
"02/10/2022","140.15","142.90","143.75","139.60","0.75K","-1.89%"
"02/09/2022","142.85","143.30","143.70","140.00","0.58K","-0.17%"
"02/08/2022","143.10","139.40","143.80","139.20","0.51K","3.21%"
"02/07/2022","138.65","138.75","141.40","137.45","0.78K","-0.72%"
"02/04/2022","139.65","145.00","145.00","138.55","1.18K","-3.36%"
"02/03/2022","144.50","143.85","144.95","142.60","0.70K","0.45%"
"02/02/2022","143.85","143.00","144.60","142.30","0.49K","0.77%"
"02/01/2022","142.75","143.50","143.50","139.70","0.65K","-1.07%"
"01/31/2022","144.30","141.00","145.00","140.40","0.42K","-0.59%"
"01/28/2022","145.15","154.25","154.50","145.15","0.36K","-6.45%"
"01/27/2022","155.15","155.00","156.75","153.95","0.27K","1.50%"
"01/26/2022","152.85","149.95","155.50","148.15","0.27K","2.00%"
"01/25/2022","149.85","149.10","150.50","149.10","0.07K","0.33%"
"01/24/2022","149.35","147.40","150.20","147.40","0.22K","0.47%"
"01/21/2022","148.65","148.70","148.85","147.00","0.15K","0.07%"
"01/20/2022","148.55","146.85","148.85","146.75","0.20K","1.36%"
"01/19/2022","146.55","143.70","147.20","143.70","0.28K","2.23%"
"01/18/2022","143.35","143.80","143.80","141.80","0.14K","-0.31%"
"01/14/2022","143.80","144.95","146.50","141.60","0.32K","-1.17%"
"01/13/2022","145.50","141.80","147.10","141.65","0.45K","2.54%"
"01/12/2022","141.90","141.70","142.00","140.30","0.14K","0.35%"
"01/11/2022","141.40","139.25","142.00","138.95","0.18K","-0.60%"
"01/10/2022","142.25","142.50","142.85","139.85","0.51K","0.04%"
"01/07/2022","142.20","141.65","144.00","141.25","0.67K","0.71%"
"01/06/2022","141.20","142.00","142.00","139.15","0.50K","-1.16%"
"01/05/2022","142.85","143.80","144.00","142.15","0.53K","-0.80%"
"01/04/2022","144.00","142.70","144.25","140.60","1.28K","0.95%"
"01/03/2022","142.65","140.35","142.95","140.15","1.09K","1.93%"
"12/31/2021","139.95","139.65","140.35","137.80","0.55K","0.68%"
"12/30/2021","139.00","137.05","140.30","136.45","0.70K","1.57%"
"12/29/2021","136.85","139.45","139.70","135.15","0.98K","-2.49%"
"12/28/2021","140.35","140.00","140.75","138.05","1.21K","0.32%"
"12/27/2021","139.90","137.25","140.00","136.85","1.03K","1.49%"
"12/23/2021","137.85","139.00","139.00","136.30","1.13K","-0.83%"
"12/22/2021","139.00","134.05","139.30","134.05","1.55K","3.96%"
"12/21/2021","133.70","131.95","134.85","129.60","0.96K","1.33%"
"12/20/2021","131.95","130.20","132.60","129.55","0.91K","0.92%"
"12/17/2021","130.75","130.00","131.45","129.60","1.03K","0.38%"
"12/16/2021","130.25","130.00","130.95","127.35","1.25K","0.23%"
"12/15/2021","129.95","126.90","130.50","124.85","1.29K","2.44%"
"12/14/2021","126.85","122.95","127.10","122.95","1.11K","3.13%"
"12/13/2021","123.00","127.75","128.20","122.95","1.07K","-4.06%"
"12/10/2021","128.20","130.00","130.00","126.65","0.61K","-1.42%"
"12/09/2021","130.05","129.50","130.25","129.25","0.29K","0.19%"
"12/08/2021","129.80","127.40","130.25","127.40","0.51K","1.45%"
"12/07/2021","127.95","127.40","128.25","125.50","0.21K","0.71%"
"12/06/2021","127.05","123.65","127.25","122.25","0.64K","2.92%"
"12/03/2021","123.45","124.10","124.65","122.70","0.64K","-0.52%"
"12/02/2021","124.10","123.20","125.85","123.10","0.33K","0.45%"
"12/01/2021","123.55","125.85","126.50","123.15","0.78K","-1.40%"
"11/30/2021","125.30","128.00","128.80","125.15","0.22K","-1.92%"
"11/29/2021","127.75","125.85","128.95","125.85","0.26K","1.67%"
"11/26/2021","125.65","128.65","129.60","125.30","0.11K","-3.27%"
"11/24/2021","129.90","131.30","131.40","128.40","0.06K","-1.07%"
"11/23/2021","131.30","131.40","132.95","129.10","0.08K","-0.04%"
"11/22/2021","131.35","129.25","132.45","129.25","0.10K","2.14%"
"11/19/2021","128.60","129.00","131.05","128.40","0.06K","0.23%"
"11/18/2021","128.30","132.10","132.45","127.45","0.14K","-3.42%"
"11/17/2021","132.85","132.90","133.00","130.10","0.11K","-0.19%"
"11/16/2021","133.10","130.90","133.30","130.90","0.23K","2.03%"
"11/15/2021","130.45","131.50","131.70","126.55","0.11K","-0.57%"
"11/12/2021","131.20","128.95","131.65","127.85","0.29K","1.78%"
"11/11/2021","128.90","125.05","129.50","124.90","0.67K","3.08%"
"11/10/2021","125.05","126.45","126.65","121.80","0.14K","1.13%"
"11/09/2021","123.65","122.55","124.20","120.45","0.60K","1.56%"
"11/08/2021","121.75","119.30","122.40","117.20","0.84K","2.83%"
"11/05/2021","118.40","116.40","119.70","116.30","0.74K","1.72%"
"11/04/2021","116.40","118.95","119.45","116.30","0.70K","-1.61%"
"11/03/2021","118.30","118.00","119.50","116.15","1.09K","-0.76%"
"11/02/2021","119.20","122.05","123.25","117.80","1.01K","-2.38%"
"11/01/2021","122.10","123.05","123.40","121.20","0.70K","-0.77%"
"10/29/2021","123.05","123.55","123.70","122.00","0.76K","-0.40%"
"10/28/2021","123.55","125.75","126.95","122.20","0.77K","-1.28%"
"10/27/2021","125.15","124.15","126.40","123.80","0.82K","0.56%"
"10/26/2021","124.45","126.15","127.90","123.95","0.67K","-1.89%"
"10/25/2021","126.85","126.40","128.10","125.15","0.84K","0.04%"
"10/22/2021","126.80","127.75","128.50","124.95","0.62K","0.48%"
"10/21/2021","126.20","122.65","127.65","122.65","0.88K","2.77%"
"10/20/2021","122.80","124.45","124.55","122.20","0.61K","-1.33%"
"10/19/2021","124.45","120.50","125.60","120.30","1.11K","3.54%"
"10/18/2021","120.20","123.20","123.40","119.35","1.15K","-2.79%"
"10/15/2021","123.65","125.60","126.70","122.50","1.45K","-1.51%"
"10/14/2021","125.55","126.05","127.25","125.45","1.49K","-0.40%"
"10/13/2021","126.05","130.00","130.05","125.65","0.63K","-2.78%"
"10/12/2021","129.65","128.35","131.55","126.25","0.90K","1.25%"
"10/11/2021","128.05","131.50","131.50","128.00","0.61K","-2.40%"
"10/08/2021","131.20","130.90","131.95","129.10","0.74K","0.11%"
"10/07/2021","131.05","134.15","134.65","130.50","0.73K","-2.02%"
"10/06/2021","133.75","134.55","134.60","133.10","0.49K","-0.15%"
"10/05/2021","133.95","138.05","138.30","133.40","0.61K","-3.49%"
"10/04/2021","138.80","137.35","139.15","137.35","0.27K","1.61%"
"10/01/2021","136.60","135.40","136.85","134.60","0.39K","0.89%"
"09/30/2021","135.40","137.75","137.75","134.60","0.17K","-1.71%"
"09/29/2021","137.75","136.70","139.35","135.00","0.77K","1.21%"
"09/28/2021","136.10","140.20","140.60","133.90","0.56K","-3.20%"
"09/27/2021","140.60","140.35","140.45","139.40","0.02K","0.04%"
"09/24/2021","140.55","143.30","143.30","140.50","0.01K","-1.02%"
"09/23/2021","142.00","142.00","143.50","141.85","0.03K","0.11%"
"09/22/2021","141.85","143.40","143.40","141.05","0.02K","-1.15%"
"09/21/2021","143.50","138.45","143.50","138.45","0.04K","2.79%"
"09/20/2021","139.60","140.00","140.30","138.55","0.02K","-1.06%"
"09/17/2021","141.10","143.55","143.55","139.60","0.03K","-1.54%"
"09/16/2021","143.30","144.50","145.05","144.10","0.01K","-0.97%"
"09/15/2021","144.70","143.00","145.00","143.00","0.05K","1.40%"
"09/14/2021","142.70","144.00","144.20","140.30","0.02K","-0.73%"
"09/13/2021","143.75","143.15","144.15","143.00","0.02K","2.61%"
"09/10/2021","140.10","136.30","141.90","136.30","0.46K","2.08%"
"09/09/2021","137.25","136.00","138.95","135.90","0.41K","0.84%"
"09/08/2021","136.10","143.35","143.35","135.30","0.76K","-3.82%"
"09/07/2021","141.50","138.55","143.50","138.15","0.58K","2.28%"
"09/03/2021","138.35","140.65","140.65","138.05","0.37K","-1.64%"
"09/02/2021","140.65","142.15","144.00","139.30","0.30K","-1.44%"
"09/01/2021","142.70","137.20","143.75","136.55","0.73K","4.20%"
"08/31/2021","136.95","139.85","140.80","136.35","0.85K","-1.76%"
"08/30/2021","139.40","146.05","146.70","139.00","0.97K","-5.33%"
"08/27/2021","147.25","148.40","148.95","145.45","0.67K","0.03%"
"08/26/2021","147.20","142.00","148.95","142.00","0.97K","2.69%"
"08/25/2021","143.35","144.80","145.75","141.45","0.85K","-0.86%"
"08/24/2021","144.60","141.05","149.95","140.85","1.68K","2.88%"
"08/23/2021","140.55","140.05","140.90","139.50","0.72K","0.54%"
"08/20/2021","139.80","137.00","140.00","136.00","1.18K","2.34%"
"08/19/2021","136.60","135.15","138.35","135.00","0.61K","0.26%"
"08/18/2021","136.25","139.20","139.25","134.90","0.55K","-1.91%"
"08/17/2021","138.90","136.15","139.25","135.10","1.01K","2.97%"
"08/16/2021","134.90","138.95","139.45","134.80","1.19K","-2.84%"
"08/13/2021","138.85","136.55","141.00","136.55","0.47K","1.46%"
"08/12/2021","136.85","142.05","142.05","135.05","0.67K","-3.15%"
"08/11/2021","141.30","141.95","142.30","138.35","0.52K","-0.07%"
"08/10/2021","141.40","138.65","142.15","137.75","0.76K","2.54%"
"08/09/2021","137.90","139.50","140.50","136.40","0.48K","-0.72%"
"08/06/2021","138.90","139.00","139.80","136.75","0.37K","0.62%"
"08/05/2021","138.05","135.25","139.05","135.25","0.36K","1.32%"
"08/04/2021","136.25","133.40","136.85","133.40","0.41K","2.68%"
"08/03/2021","132.70","131.25","133.60","130.95","1.01K","1.22%"
"08/02/2021","131.10","134.00","134.00","130.20","0.53K","-3.39%"
"07/30/2021","135.70","138.75","140.30","130.40","0.40K","-2.44%"
"07/29/2021","139.10","140.35","140.80","139.00","0.19K","-1.49%"
"07/28/2021","141.20","144.25","144.25","138.00","0.21K","-1.53%"
"07/27/2021","143.40","139.10","144.30","139.10","0.23K","3.28%"
"07/26/2021","138.85","139.00","139.40","136.85","0.11K","-0.18%"
"07/23/2021","139.10","139.00","143.00","138.20","0.25K","1.57%"
"07/22/2021","136.95","134.35","139.00","133.95","0.23K","2.39%"
"07/21/2021","133.75","135.00","135.50","131.55","0.05K","-0.96%"
"07/20/2021","135.05","131.50","136.25","131.15","0.10K","3.61%"
"07/19/2021","130.35","130.75","132.00","128.85","0.05K","0.04%"
"07/16/2021","130.30","135.35","135.75","128.35","0.04K","-3.27%"
"07/15/2021","134.70","131.25","137.85","131.25","0.30K","2.63%"
"07/14/2021","131.25","130.60","131.45","130.50","0.11K","1.20%"
"07/13/2021","129.70","129.20","130.00","129.10","0.04K","2.29%"
"07/12/2021","126.80","127.40","127.80","124.80","0.28K","-0.43%"
"07/09/2021","127.35","127.40","128.00","126.35","0.41K","-0.04%"
"07/08/2021","127.40","126.20","128.25","124.25","0.83K","1.31%"
"07/07/2021","125.75","123.00","126.20","121.30","0.65K","2.99%"
"07/06/2021","122.10","126.90","127.60","121.20","0.98K","-3.90%"
"07/02/2021","127.05","127.35","127.80","124.50","0.76K","-0.08%"
"07/01/2021","127.15","124.05","127.75","123.20","1.80K","3.25%"
"06/30/2021","123.15","120.25","125.60","120.20","0.82K","2.63%"
"06/29/2021","120.00","120.25","121.20","119.30","0.73K","-0.21%"
"06/28/2021","120.25","123.00","123.15","120.00","0.80K","-2.04%"
"06/25/2021","122.75","123.70","123.75","121.25","0.57K","0.49%"
"06/24/2021","122.15","122.30","123.70","120.75","0.82K","0.33%"
"06/23/2021","121.75","121.10","122.15","120.05","0.42K","0.25%"
"06/22/2021","121.45","121.00","122.00","119.75","0.50K","0.87%"
"06/21/2021","120.40","119.00","121.80","118.30","0.47K","0.33%"
"06/18/2021","120.00","122.00","122.00","118.35","0.77K","-0.83%"
"06/17/2021","121.00","122.85","123.30","120.45","1.76K","-1.22%"
"06/16/2021","122.50","120.00","123.45","120.00","0.72K","2.34%"
"06/15/2021","119.70","119.00","121.55","118.75","0.63K","-0.79%"
"06/14/2021","120.65","122.25","123.85","120.10","0.50K","-2.70%"
"06/11/2021","124.00","130.05","130.35","121.40","1.00K","-4.98%"
"06/10/2021","130.50","130.80","131.35","130.00","0.35K","-0.68%"
"06/09/2021","131.40","129.50","131.80","129.35","0.56K","1.08%"
"06/08/2021","130.00","128.20","130.90","127.95","0.72K","1.40%"
"06/07/2021","128.20","125.45","128.45","125.45","0.37K","2.27%"
"06/04/2021","125.35","124.10","125.40","122.50","0.49K","0.72%"
"06/03/2021","124.45","122.70","124.95","121.55","0.40K","0.93%"
"06/02/2021","123.30","122.30","123.60","120.80","0.63K","0.53%"
"06/01/2021","122.65","122.00","123.30","122.00","0.86K","0.78%"
"05/28/2021","121.70","121.45","122.40","121.00","0.58K","0.12%"
"05/27/2021","121.55","120.45","122.40","120.25","0.40K","1.29%"
"05/26/2021","120.00","119.00","120.35","119.00","0.02K","0.46%"
"05/25/2021","119.45","119.25","120.10","117.60","0.13K","-0.46%"
"05/24/2021","120.00","120.70","120.70","118.35","0.04K","-0.70%"
"05/21/2021","120.85","120.00","120.90","120.00","0.05K","0.92%"
"05/20/2021","119.75","117.25","120.45","116.85","0.08K","2.61%"
"05/19/2021","116.70","120.35","120.35","116.70","0.18K","-2.79%"
"05/18/2021","120.05","121.10","121.10","119.75","0.07K","-0.70%"
"05/17/2021","120.90","119.50","121.00","119.00","0.13K","1.55%"
"05/14/2021","119.05","118.65","119.40","118.00","0.09K","1.02%"
"05/13/2021","117.85","117.20","119.00","116.10","0.10K","0.64%"
"05/12/2021","117.10","118.05","118.45","116.55","0.07K","-1.35%"
"05/11/2021","118.70","120.00","120.00","114.60","0.25K","1.84%"
"05/10/2021","116.55","114.75","116.85","114.75","1.47K","1.83%"
"05/07/2021","114.45","111.45","115.00","111.00","1.11K","3.20%"
"05/06/2021","110.90","108.20","112.20","107.85","1.14K","2.59%"
"05/05/2021","108.10","109.95","110.75","107.75","1.23K","-1.10%"
"05/04/2021","109.30","111.60","112.00","108.50","1.46K","-2.06%"
"05/03/2021","111.60","112.05","113.70","111.50","0.74K","-0.31%"
"04/30/2021","111.95","112.05","112.85","111.75","0.72K","-0.09%"
"04/29/2021","112.05","113.80","114.30","112.00","1.38K","-1.71%"
"04/28/2021","114.00","114.35","115.65","113.80","0.81K","-0.78%"
"04/27/2021","114.90","115.25","116.00","114.35","0.93K","-0.17%"
"04/26/2021","115.10","115.85","116.40","114.65","0.86K","-0.73%"
"04/23/2021","115.95","116.60","116.85","115.00","0.43K","-0.56%"
"04/22/2021","116.60","116.15","116.85","115.30","0.97K","0.04%"
"04/21/2021","116.55","114.00","116.90","113.50","1.19K","2.06%"
"04/20/2021","114.20","116.60","116.65","113.70","1.03K","-2.10%"
"04/19/2021","116.65","116.00","117.20","114.60","0.90K","0.39%"
"04/16/2021","116.20","116.00","117.05","115.80","0.94K","0.04%"
"04/15/2021","116.15","114.00","116.50","113.90","0.85K","2.29%"
"04/14/2021","113.55","112.60","114.15","112.00","0.60K","0.71%"
"04/13/2021","112.75","112.00","112.70","112.00","0.61K","0.58%"
"04/12/2021","112.10","113.10","113.10","112.00","0.41K","-0.93%"
"04/09/2021","113.15","112.90","114.30","112.20","0.30K","0.53%"
"04/08/2021","112.55","112.00","113.00","111.50","0.34K","0.40%"
"04/07/2021","112.10","112.00","113.90","111.65","0.41K","-0.53%"
"04/06/2021","112.70","112.00","112.95","111.50","0.72K","0.49%"
"04/05/2021","112.15","113.35","114.30","111.20","0.73K","-0.97%"
"04/01/2021","113.25","113.55","114.25","113.00","0.50K","-0.40%"
"03/31/2021","113.70","114.50","114.50","113.25","0.21K","-0.48%"
"03/30/2021","114.25","114.95","114.95","113.25","0.47K","0.04%"
"03/29/2021","114.20","114.30","115.20","114.25","0.02K","0.04%"
"03/26/2021","114.15","113.20","115.50","112.80","0.08K","0.53%"
"03/25/2021","113.55","113.60","115.20","112.80","0.17K","-0.04%"
"03/24/2021","113.60","114.45","114.60","113.50","0.32K","-0.83%"
"03/23/2021","114.55","117.35","117.35","114.50","0.18K","-2.68%"
"03/22/2021","117.70","117.45","117.80","117.30","0.03K","-0.76%"
"03/19/2021","118.60","120.15","120.30","117.50","0.06K","-0.59%"
"03/18/2021","119.30","120.30","120.50","118.50","0.07K","1.49%"
"03/17/2021","117.55","119.65","122.00","116.15","0.14K","-3.49%"
"03/16/2021","121.80","120.15","121.95","119.65","0.05K","1.63%"
"03/15/2021","119.85","118.25","120.10","117.85","0.06K","1.52%"
"03/12/2021","118.05","118.10","118.45","117.35","0.08K","2.52%"
"03/11/2021","115.15","114.00","115.85","112.85","0.96K","1.28%"
"03/10/2021","113.70","111.50","114.35","111.50","1.07K","1.61%"
"03/09/2021","111.90","112.35","113.50","111.10","0.66K","-0.49%"
"03/08/2021","112.45","111.30","113.20","111.30","0.64K","0.31%"
"03/05/2021","112.10","110.80","113.00","110.80","0.69K","0.90%"
"03/04/2021","111.10","111.30","111.35","109.45","0.72K","-0.22%"
"03/03/2021","111.35","112.00","112.55","110.20","0.52K","-1.15%"
"03/02/2021","112.65","113.80","113.85","111.25","0.52K","-0.84%"
"03/01/2021","113.60","111.90","115.45","111.80","0.83K","1.66%"
"02/26/2021","111.75","111.75","113.90","110.15","1.53K","-0.40%"
"02/25/2021","112.20","115.50","115.60","111.35","1.41K","-2.90%"
"02/24/2021","115.55","113.45","115.65","112.50","1.24K","2.17%"
"02/23/2021","113.10","112.40","114.35","112.20","1.13K","0.58%"
"02/22/2021","112.45","112.70","113.50","111.25","1.14K","0.00%"
"02/19/2021","112.45","111.90","113.50","111.00","0.87K","0.67%"
"02/18/2021","111.70","114.45","114.80","111.05","1.17K","-2.02%"
"02/17/2021","114.00","116.40","116.40","113.00","1.25K","-1.51%"
"02/16/2021","115.75","114.55","116.75","113.60","0.80K","1.18%"
"02/12/2021","114.40","114.00","114.45","113.25","0.51K","0.53%"
"02/11/2021","113.80","114.25","114.70","113.25","0.45K","-0.78%"
"02/10/2021","114.70","113.35","115.00","113.20","0.51K","0.39%"
"02/09/2021","114.25","115.20","115.20","112.30","0.39K","-0.95%"
"02/08/2021","115.35","114.90","115.75","113.80","0.43K","1.41%"
"02/05/2021","113.75","112.40","114.65","111.25","0.39K","1.11%"
"02/04/2021","112.50","111.85","113.35","111.15","0.50K","1.21%"
"02/03/2021","111.15","109.95","111.85","109.05","0.47K","1.09%"
"02/02/2021","109.95","111.15","111.50","109.45","0.52K","-1.08%"
"02/01/2021","111.15","113.75","114.00","110.70","0.76K","-2.29%"
"01/29/2021","113.75","116.00","116.00","113.15","1.16K","-1.90%"
"01/28/2021","115.95","116.70","116.70","115.40","0.20K","-0.64%"
"01/27/2021","116.70","118.90","119.00","115.05","0.23K","-1.52%"
"01/26/2021","118.50","116.40","118.95","116.25","0.17K","1.46%"
"01/25/2021","116.80","118.85","118.85","115.60","0.30K","-1.72%"
"01/22/2021","118.85","119.20","119.20","117.90","0.15K","-0.63%"
"01/21/2021","119.60","119.95","120.30","118.30","0.11K","-0.08%"
"01/20/2021","119.70","119.65","119.65","118.00","0.23K","-0.25%"
"01/19/2021","120.00","123.70","123.70","120.00","0.09K","-2.56%"
"01/15/2021","123.15","124.50","124.95","122.85","0.04K","-1.40%"
"01/14/2021","124.90","125.45","125.45","124.05","0.02K","-0.12%"
"01/13/2021","125.05","123.30","125.25","122.35","0.05K","2.46%"
"01/12/2021","122.05","123.85","124.30","122.05","0.03K","-0.85%"
"01/11/2021","123.10","124.70","124.70","122.40","0.02K","-1.36%"
"01/08/2021","124.80","125.65","126.80","123.75","0.53K","-1.27%"
"01/07/2021","126.40","125.15","126.90","125.05","0.56K","0.76%"
"01/06/2021","125.45","124.60","125.65","123.15","0.60K","1.09%"
"01/05/2021","124.10","122.85","124.40","120.25","0.59K","1.02%"
"01/04/2021","122.85","125.80","126.95","121.00","0.88K","-2.11%"
"12/31/2020","125.50","126.30","126.65","124.75","0.52K","-0.36%"
"12/30/2020","125.95","125.00","127.00","124.35","0.96K","1.12%"
"12/29/2020","124.55","122.60","124.60","122.30","0.73K","1.92%"
"12/28/2020","122.20","122.00","124.90","121.20","0.63K","0.41%"
"12/24/2020","121.70","120.70","122.55","119.65","0.44K","0.75%"
"12/23/2020","120.80","121.20","121.25","119.50","0.47K","-0.62%"
"12/22/2020","121.55","120.70","122.60","120.70","0.57K","0.70%"
"12/21/2020","120.70","120.55","121.45","119.60","0.51K","0.54%"
"12/18/2020","120.05","117.35","121.75","117.35","0.88K","2.08%"
"12/17/2020","117.60","119.20","119.55","117.00","0.62K","-2.00%"
"12/16/2020","120.00","118.00","120.40","117.60","0.42K","2.35%"
"12/15/2020","117.25","117.40","118.25","116.30","1.17K","-0.26%"
"12/14/2020","117.55","118.90","119.50","117.35","0.98K","-1.14%"
"12/11/2020","118.90","122.75","123.25","118.50","0.82K","-3.65%"
"12/10/2020","123.40","126.00","126.35","122.80","0.41K","-2.02%"
"12/09/2020","125.95","125.50","126.10","124.80","0.17K","-0.36%"
"12/08/2020","126.40","122.80","126.75","122.50","0.25K","2.93%"
"12/07/2020","122.80","126.05","127.00","122.10","0.17K","-2.73%"
"12/04/2020","126.25","127.95","127.95","125.90","0.38K","-1.33%"
"12/03/2020","127.95","127.40","128.20","126.55","0.23K","0.95%"
"12/02/2020","126.75","126.60","127.50","125.75","0.32K","-0.24%"
"12/01/2020","127.05","129.05","129.05","123.60","0.55K","-1.51%"
"11/30/2020","129.00","129.00","129.20","128.65","0.13K","0.16%"
"11/27/2020","128.80","128.30","128.80","128.00","0.22K","0.94%"
"11/25/2020","127.60","128.20","128.20","126.50","0.06K","-0.23%"
"11/24/2020","127.90","127.50","128.50","126.35","0.17K","0.31%"
"11/23/2020","127.50","127.30","127.50","126.80","0.07K","0.16%"
"11/20/2020","127.30","127.75","127.90","125.60","0.07K","-0.31%"
"11/19/2020","127.70","128.35","128.35","123.45","0.20K","-0.62%"
"11/18/2020","128.50","126.40","128.50","126.20","0.79K","1.70%"
"11/17/2020","126.35","126.25","127.30","126.05","0.19K","0.08%"
"11/16/2020","126.25","121.70","127.00","121.55","0.29K","3.40%"
"11/13/2020","122.10","120.00","122.85","119.40","0.49K","1.79%"
"11/12/2020","119.95","118.20","120.00","117.10","0.22K","1.39%"
"11/11/2020","118.30","118.00","118.45","117.95","0.31K","0.17%"
"11/10/2020","118.10","116.35","119.05","115.60","0.16K","2.79%"
"11/09/2020","114.90","115.05","115.75","113.00","0.41K","0.09%"
"11/06/2020","114.80","115.00","115.15","114.10","0.19K","0.13%"
"11/05/2020","114.65","115.75","116.10","112.95","0.41K","-0.91%"
"11/04/2020","115.70","115.65","115.90","114.95","0.18K","0.43%"
"11/03/2020","115.20","115.15","116.15","114.00","0.75K","0.09%"
"11/02/2020","115.10","114.05","115.90","112.70","0.67K","0.66%"
"10/30/2020","114.35","112.20","114.75","111.80","0.31K","2.19%"
"10/29/2020","111.90","116.50","116.50","111.65","0.58K","-3.33%"
"10/28/2020","115.75","115.50","116.40","115.00","0.56K","0.22%"
"10/27/2020","115.50","115.20","116.00","114.10","0.49K","0.92%"
"10/26/2020","114.45","114.35","114.80","112.70","0.57K","0.84%"
"10/23/2020","113.50","109.95","114.60","109.35","1.01K","3.32%"
"10/22/2020","109.85","109.45","111.75","108.75","1.33K","0.37%"
"10/21/2020","109.45","117.40","116.85","107.35","1.65K","-5.93%"
"10/20/2020","116.35","115.90","117.10","115.75","0.89K","0.30%"
"10/19/2020","116.00","114.25","116.40","114.05","0.73K","1.31%"
"10/16/2020","114.50","115.80","116.80","114.20","0.74K","-2.01%"
"10/15/2020","116.85","115.50","117.30","113.80","0.71K","1.17%"
"10/14/2020","115.50","118.00","118.10","115.25","0.39K","-2.41%"
"10/13/2020","118.35","118.00","118.75","118.00","0.64K","-0.13%"
"10/12/2020","118.50","117.00","118.50","116.90","0.58K","1.41%"
"10/09/2020","116.85","116.00","117.70","115.15","0.41K","1.56%"
"10/08/2020","115.05","114.85","117.05","114.25","0.50K","0.13%"
"10/07/2020","114.90","115.75","115.75","110.60","0.26K","-1.25%"
"10/06/2020","116.35","116.90","116.90","115.75","0.25K","-0.26%"
"10/05/2020","116.65","114.70","117.05","114.50","0.22K","1.66%"
"10/02/2020","114.75","116.50","116.50","114.25","0.21K","-1.92%"
"10/01/2020","117.00","116.60","117.00","114.05","0.32K","0.60%"
"09/30/2020","116.30","114.10","117.00","112.50","0.11K","2.29%"
"09/29/2020","113.70","111.15","114.30","110.25","0.80K","3.27%"
"09/28/2020","110.10","110.35","110.95","109.25","0.16K","1.29%"
"09/25/2020","108.70","109.95","109.95","108.35","0.19K","-1.14%"
"09/24/2020","109.95","111.70","113.80","109.75","0.24K","-1.43%"
"09/23/2020","111.55","116.00","116.00","109.00","0.51K","-3.71%"
"09/22/2020","115.85","118.15","118.15","115.55","0.34K","-2.03%"
"09/21/2020","118.25","121.00","121.40","118.15","0.14K","-1.79%"
"09/18/2020","120.40","120.05","120.95","118.85","0.06K","0.92%"
"09/17/2020","119.30","118.60","119.50","117.80","0.04K","0.59%"
"09/16/2020","118.60","118.65","119.30","118.60","0.04K","0.51%"
"09/15/2020","118.00","118.10","118.95","117.60","0.07K","-0.59%"
"09/14/2020","118.70","118.85","118.85","117.75","0.07K","-0.50%"
"09/11/2020","119.30","120.40","120.40","118.80","0.03K","1.06%"
"09/10/2020","118.05","115.50","118.40","115.30","0.60K","2.21%"
"09/09/2020","115.50","117.10","118.85","114.25","0.66K","-1.91%"
"09/08/2020","117.75","119.40","120.75","115.60","0.72K","-1.79%"
"09/04/2020","119.90","118.90","120.40","118.00","0.50K","1.14%"
"09/03/2020","118.55","115.20","119.00","115.00","0.56K","2.29%"
"09/02/2020","115.90","116.25","116.50","113.35","0.67K","0.65%"
"09/01/2020","115.15","117.00","118.00","113.15","1.18K","-1.41%"
"08/31/2020","116.80","118.00","118.00","115.90","0.84K","-0.97%"
"08/28/2020","117.95","115.25","118.30","115.15","0.70K","2.03%"
"08/27/2020","115.60","117.00","117.50","115.10","0.69K","-0.99%"
"08/26/2020","116.75","118.40","118.80","116.15","0.59K","-1.64%"
"08/25/2020","118.70","120.00","120.00","118.05","0.45K","-0.79%"
"08/24/2020","119.65","118.30","120.65","116.90","0.58K","0.80%"
"08/21/2020","118.70","120.00","121.00","117.50","0.50K","-0.71%"
"08/20/2020","119.55","122.25","122.50","118.80","0.67K","-1.77%"
"08/19/2020","121.70","121.90","122.40","121.10","0.28K","-0.16%"
"08/18/2020","121.90","119.70","122.85","119.25","0.68K","1.92%"
"08/17/2020","119.60","122.40","122.65","118.75","0.45K","-2.33%"
"08/14/2020","122.45","123.30","123.30","120.85","0.25K","-0.41%"
"08/13/2020","122.95","118.55","125.95","118.30","0.80K","3.97%"
"08/12/2020","118.25","118.60","119.65","116.75","0.59K","0.47%"
"08/11/2020","117.70","116.45","118.70","114.60","0.24K","1.47%"
"08/10/2020","116.00","117.60","117.60","114.50","0.49K","-1.36%"
"08/07/2020","117.60","119.50","119.50","117.35","0.28K","-0.72%"
"08/06/2020","118.45","117.55","119.95","116.30","0.49K","-0.08%"
"08/05/2020","118.55","122.55","123.00","117.65","0.48K","-2.71%"
"08/04/2020","121.85","126.40","126.45","120.05","0.46K","-3.52%"
"08/03/2020","126.30","125.55","126.85","123.25","0.39K","1.45%"
"07/31/2020","124.50","122.80","124.85","122.00","0.20K","0.97%"
"07/30/2020","123.30","124.35","125.00","122.50","0.21K","-0.96%"
"07/29/2020","124.50","122.10","124.85","122.10","0.11K","2.05%"
"07/28/2020","122.00","122.50","122.60","121.00","0.13K","-1.05%"
"07/27/2020","123.30","124.50","124.50","122.70","0.09K","-1.83%"
"07/24/2020","125.60","124.15","125.95","124.15","0.03K","1.17%"
"07/23/2020","124.15","125.15","125.15","124.15","0.02K","-1.94%"
"07/22/2020","126.60","124.65","126.20","124.65","0.01K","2.01%"
"07/21/2020","124.10","125.10","127.75","123.95","0.01K","-0.36%"
"07/20/2020","124.55","128.50","128.50","124.00","0.05K","-3.30%"
"07/17/2020","128.80","123.35","129.00","122.70","0.06K","4.00%"
"07/16/2020","123.85","125.75","125.75","123.70","0.04K","-1.94%"
"07/15/2020","126.30","127.25","128.50","125.55","0.10K","-0.98%"
"07/14/2020","127.55","130.45","131.10","127.00","0.27K","-1.54%"
"07/13/2020","129.55","129.20","129.80","128.70","0.49K","0.27%"
"07/10/2020","129.20","129.20","129.40","128.40","0.44K","0.27%"
"07/09/2020","128.85","128.40","129.25","127.50","0.59K","0.55%"
"07/08/2020","128.15","125.15","128.40","124.75","0.74K","2.11%"
"07/07/2020","125.50","127.00","127.50","124.55","0.46K","-1.34%"
"07/06/2020","127.20","124.50","127.75","122.60","0.53K","2.13%"
"07/02/2020","124.55","128.70","128.80","124.20","0.63K","-3.41%"
"07/01/2020","128.95","128.70","129.05","127.35","0.67K","0.43%"
"06/30/2020","128.40","126.30","128.75","123.65","0.80K","1.42%"
"06/29/2020","126.60","126.50","127.25","125.65","0.89K","0.24%"
"06/26/2020","126.30","124.50","126.60","124.50","0.85K","1.65%"
"06/25/2020","124.25","123.00","124.60","121.00","0.83K","1.18%"
"06/24/2020","122.80","122.50","123.20","121.00","0.60K","0.20%"
"06/23/2020","122.55","122.90","124.85","122.10","0.57K","-1.09%"
"06/22/2020","123.90","121.05","124.85","120.70","0.68K","1.56%"
"06/19/2020","122.00","121.00","123.80","120.50","0.54K","1.33%"
"06/18/2020","120.40","123.55","124.00","120.15","0.69K","-2.63%"
"06/17/2020","123.65","119.05","123.90","118.90","0.72K","3.86%"
"06/16/2020","119.05","121.35","121.40","118.15","1.24K","-2.10%"
"06/15/2020","121.60","124.75","124.90","121.00","0.94K","-2.64%"
"06/12/2020","124.90","128.85","129.40","124.00","0.63K","-3.37%"
"06/11/2020","129.25","127.05","132.00","127.00","0.59K","0.82%"
"06/10/2020","128.20","127.75","128.25","127.40","0.08K","0.35%"
"06/09/2020","127.75","127.90","128.45","126.00","0.19K","0.24%"
"06/08/2020","127.45","129.00","129.25","127.45","0.26K","-1.05%"
"06/05/2020","128.80","127.00","128.85","127.00","0.08K","1.66%"
"06/04/2020","126.70","129.10","129.50","126.00","0.41K","-1.90%"
"06/03/2020","129.15","127.25","129.25","127.25","0.28K","1.25%"
"06/02/2020","127.55","125.70","127.80","125.70","0.34K","1.88%"
"06/01/2020","125.20","123.50","126.00","123.10","0.15K","1.38%"
"05/29/2020","123.50","127.90","127.95","122.80","0.48K","-3.21%"
"05/28/2020","127.60","128.10","128.40","127.40","0.26K","-0.43%"
"05/27/2020","128.15","127.15","128.65","127.15","0.13K","0.91%"
"05/26/2020","127.00","126.35","127.95","126.35","0.16K","1.20%"
"05/22/2020","125.50","124.65","125.80","124.05","0.13K","-0.40%"
"05/21/2020","126.00","125.05","126.25","124.55","0.10K","1.65%"
"05/20/2020","123.95","126.25","126.40","122.75","0.09K","-1.78%"
"05/19/2020","126.20","125.30","125.95","125.25","0.11K","0.92%"
"05/18/2020","125.05","122.90","125.20","122.10","0.37K","1.83%"
"05/15/2020","122.80","119.65","124.40","118.95","0.37K","2.63%"
"05/14/2020","119.65","118.45","120.20","118.40","0.10K","1.40%"
"05/13/2020","118.00","117.50","118.35","117.30","0.05K","1.29%"
"05/12/2020","116.50","116.75","117.75","116.60","0.02K","-0.13%"
"05/11/2020","116.65","118.20","118.20","115.75","0.12K","-2.34%"
"05/08/2020","119.45","119.35","120.50","117.55","0.74K","0.08%"
"05/07/2020","119.35","120.00","120.00","118.45","0.52K","0.00%"
"05/06/2020","119.35","117.20","119.80","117.00","0.74K","1.66%"
"05/05/2020","117.40","116.50","117.60","115.75","0.51K","0.51%"
"05/04/2020","116.80","113.15","117.00","113.15","0.62K","3.27%"
"05/01/2020","113.10","111.05","114.20","110.75","0.36K","1.66%"
"04/30/2020","111.25","114.35","114.70","110.35","0.69K","-2.41%"
"04/29/2020","114.00","114.45","115.25","112.65","0.56K","-0.09%"
"04/28/2020","114.10","112.65","114.50","112.00","0.84K","1.69%"
"04/27/2020","112.20","109.10","112.75","109.00","0.69K","3.31%"
"04/24/2020","108.60","107.75","109.50","107.70","0.41K","0.79%"
"04/23/2020","107.75","107.85","110.00","106.75","0.54K","0.47%"
"04/22/2020","107.25","107.30","108.60","107.10","0.35K","0.33%"
"04/21/2020","106.90","107.25","107.35","106.00","0.39K","-0.70%"
"04/20/2020","107.65","107.05","108.25","105.80","0.47K","0.23%"
"04/17/2020","107.40","109.00","110.00","106.55","0.35K","-1.65%"
"04/16/2020","109.20","109.70","110.60","109.00","0.35K","0.28%"
"04/15/2020","108.90","106.85","109.80","106.00","0.36K","0.60%"
"04/14/2020","108.25","107.50","109.10","106.45","0.31K","1.60%"
"04/13/2020","106.55","110.65","111.00","106.00","0.44K","-3.97%"
"04/09/2020","110.95","105.90","111.90","105.60","0.46K","5.47%"
"04/08/2020","105.20","109.25","110.00","104.60","0.98K","-2.86%"
"04/07/2020","108.30","110.80","110.80","108.05","0.40K","-3.22%"
"04/06/2020","111.90","113.00","113.00","110.00","0.35K","-1.84%"
"04/03/2020","114.00","115.00","115.00","112.00","0.43K","-2.10%"
"04/02/2020","116.45","119.85","119.90","111.60","0.46K","-2.39%"
"04/01/2020","119.30","120.15","120.15","118.00","0.28K","-0.91%"
"03/31/2020","120.40","120.10","121.00","119.50","0.38K","0.25%"
"03/30/2020","120.10","118.35","120.30","116.55","0.26K","2.08%"
"03/27/2020","117.65","118.75","119.35","116.50","0.47K","-0.25%"
"03/26/2020","117.95","117.95","119.15","117.10","0.44K","0.00%"
"03/25/2020","117.95","114.50","118.00","113.65","0.74K","3.46%"
"03/24/2020","114.00","109.00","114.50","109.00","0.87K","4.06%"
"03/23/2020","109.55","105.50","110.00","105.50","0.74K","3.74%"
"03/20/2020","105.60","101.00","106.10","100.95","0.60K","5.65%"
"03/19/2020","99.95","98.95","101.50","98.95","0.19K","1.52%"
"03/18/2020","98.45","102.05","102.10","97.40","0.48K","-3.29%"
"03/17/2020","101.80","100.15","102.50","100.10","0.15K","1.70%"
"03/16/2020","100.10","100.35","100.35","99.10","0.27K","-0.10%"
"03/13/2020","100.20","98.50","100.50","98.45","0.34K","1.67%"
"03/12/2020","98.55","98.95","99.30","97.80","0.28K","0.66%"
"03/11/2020","97.90","95.75","98.00","95.50","1.15K","1.77%"
"03/10/2020","96.20","94.80","96.65","94.15","1.03K","2.29%"
"03/09/2020","94.05","96.50","97.45","93.90","1.33K","-2.74%"
"03/06/2020","96.70","97.00","97.75","96.60","0.52K","-0.57%"
"03/05/2020","97.25","98.00","98.55","97.05","0.72K","-1.17%"
"03/04/2020","98.40","98.50","99.00","98.00","0.32K","0.05%"
"03/03/2020","98.35","99.10","99.45","98.00","0.73K","-1.06%"
"03/02/2020","99.40","96.00","99.50","96.00","2.22K","3.60%"
"02/28/2020","95.95","95.00","96.10","92.15","1.93K","0.95%"
"02/27/2020","95.05","97.45","97.60","95.00","1.92K","-2.16%"
"02/26/2020","97.15","99.75","99.80","97.05","1.72K","-2.21%"
"02/25/2020","99.35","99.70","99.95","99.00","1.31K","-0.25%"
"02/24/2020","99.60","99.75","100.10","99.15","2.67K","-1.24%"
"02/21/2020","100.85","99.85","101.55","99.85","1.48K","0.55%"
"02/20/2020","100.30","102.40","102.40","99.55","1.51K","-1.86%"
"02/19/2020","102.20","100.70","102.75","100.70","1.61K","1.44%"
"02/18/2020","100.75","101.05","101.50","100.35","1.69K","-0.74%"
"02/14/2020","101.50","101.50","101.70","100.45","1.64K","-0.20%"
"02/13/2020","101.70","100.75","102.10","100.50","1.42K","0.94%"
"02/12/2020","100.75","102.50","102.75","100.35","1.54K","-1.52%"
"02/11/2020","102.30","101.40","102.55","101.25","0.52K","1.04%"
"02/10/2020","101.25","98.50","101.40","98.10","0.49K","2.95%"
"02/07/2020","98.35","98.40","98.45","98.00","0.71K","0.15%"
"02/06/2020","98.20","97.80","98.35","97.55","0.34K","0.92%"
"02/05/2020","97.30","97.00","97.90","97.00","0.35K","-0.15%"
"02/04/2020","97.45","98.35","98.35","95.55","0.60K","-0.86%"
"02/03/2020","98.30","99.40","99.40","97.95","0.35K","-1.21%"
"01/31/2020","99.50","99.15","100.25","99.10","0.14K","0.51%"
"01/30/2020","99.00","99.85","100.50","98.85","0.27K","-1.25%"
"01/29/2020","100.25","99.95","101.00","99.90","0.10K","0.75%"
"01/28/2020","99.50","99.30","99.85","99.15","0.07K","0.86%"
"01/27/2020","98.65","99.20","99.60","98.55","0.08K","-0.65%"
"01/24/2020","99.30","98.80","100.05","98.80","0.09K","0.51%"
"01/23/2020","98.80","100.75","100.80","98.65","0.10K","-1.40%"
"01/22/2020","100.20","99.35","100.75","97.95","0.22K","0.86%"
"01/21/2020","99.35","98.55","99.75","98.55","0.10K","0.81%"
"01/17/2020","98.55","99.05","99.10","98.50","0.09K","-0.55%"
"01/16/2020","99.10","100.00","100.35","99.00","0.22K","-0.65%"
"01/15/2020","99.75","99.85","100.25","99.25","0.14K","0.05%"
"01/14/2020","99.70","98.50","99.80","97.90","0.12K","1.12%"
"01/13/2020","98.60","99.70","100.15","98.40","0.14K","1.54%"
"01/10/2020","97.10","97.00","97.45","96.30","0.91K","0.10%"
"01/09/2020","97.00","99.30","99.30","96.75","1.23K","-1.97%"
"01/08/2020","98.95","99.80","100.05","98.65","0.47K","-0.70%"
"01/07/2020","99.65","99.25","100.40","98.45","0.57K","0.66%"
"01/06/2020","99.00","99.10","99.70","98.10","0.82K","-0.40%"
"01/03/2020","99.40","101.00","101.30","99.20","0.43K","-1.34%"
"01/02/2020","100.75","99.75","101.50","99.75","0.92K","1.00%"